season_id,gw,fixture_id,player_code,position_code,team_sk,total_points,was_home,opponent_season_rank,team_goals_conceded_season,team_cs_rolling_3gw,team_goals_scored_rolling_3gw,pts_rolling_3gw,pts_rolling_5gw,mins_rolling_3gw,cs_rolling_5gw,saves_rolling_5gw,bonus_rolling_5gw,xgc_rolling_5gw,season_pts_per_gw_to_date,season_starts_rate_to_date,start_cost,value_lag1,transfers_in_lag1,transfers_out_lag1,opponent_goals_scored_season,opponent_cs_rate_season,position,pred_ridge,pred_bayesian_ridge,pred_blending,goals_rolling_5gw,assists_rolling_5gw,xg_rolling_5gw,xa_rolling_5gw,xgi_rolling_5gw,pred_ensemble
10,30,296,118748,3,192,1,1,16,,,2.3333333333333335,4.666666666666667,4.4,85.33333333333333,,,0.4,,4.571428571428571,0.9047619047619048,145,140.0,6071.0,4690.0,39.0,0.2413793103448276,MID,6.96380140202695,6.935873162249754,5.816760611638932,0.2,0.2,0.244,0.25800000000000006,0.502,6.572145058638545
10,30,300,223094,4,193,2,0,18,,,1.6666666666666667,4.333333333333333,5.8,75.0,,,0.8,,6.964285714285714,0.9642857142857143,140,145.0,3512.0,214413.0,35.0,0.13793103448275862,FWD,6.189052638712563,6.286772520551615,5.265044551853283,0.4,0.6,0.43200000000000005,0.12599999999999997,0.558,5.913623237039154
10,30,294,244851,3,187,2,1,9,,,2.0,4.333333333333333,9.0,81.0,,,1.6,,5.111111111111111,0.8888888888888888,105,106.0,27591.0,18211.0,42.0,0.2413793103448276,MID,5.713689053755493,5.725758907584418,5.068108002944797,1.0,0.2,0.8119999999999999,0.21000000000000002,1.0219999999999998,5.50251865476157
10,30,291,223340,3,181,3,1,8,,,2.3333333333333335,5.333333333333333,8.4,90.0,,,1.4,,5.5,0.8461538461538461,100,98.0,5294.0,17887.0,34.0,0.3448275862068966,MID,5.322113858823878,5.268599896188697,4.703754462041398,0.6,0.2,0.362,0.13599999999999995,0.49800000000000005,5.0981560723513235
10,30,297,141746,3,194,10,1,4,,,1.3333333333333333,7.666666666666667,7.0,90.0,,,1.6,,6.384615384615385,1.0,90,101.0,113157.0,1893.0,39.0,0.27586206896551724,MID,5.095548977913702,5.207265457745017,4.534217583682077,0.4,0.4,0.32799999999999996,0.496,0.8240000000000002,4.945677339780265
10,30,296,494595,3,192,3,1,16,,,2.3333333333333335,5.666666666666667,5.8,88.66666666666667,,,1.0,,4.0,0.84,85,83.0,9049.0,6576.0,39.0,0.2413793103448276,MID,5.051224954604125,5.041460702547155,4.5231218954252865,0.4,0.2,0.32199999999999995,0.258,0.5800000000000001,4.871935850858855
10,30,300,437730,3,193,2,0,18,,,1.6666666666666667,6.333333333333333,7.0,88.66666666666667,,,0.6,,6.142857142857143,1.0,70,83.0,11747.0,164957.0,35.0,0.13793103448275862,MID,4.786646579045442,4.870831231706693,4.355706857904604,0.6,0.2,0.426,0.05800000000000002,0.484,4.671061556218913
10,30,291,224117,4,181,7,1,8,,,2.3333333333333335,5.333333333333333,4.4,74.33333333333333,,,0.6,,3.4642857142857144,0.8928571428571429,90,88.0,11732.0,28804.0,34.0,0.3448275862068966,FWD,4.833335598798113,4.9043311144174755,4.2034970528416125,0.4,0.0,0.06999999999999999,0.254,0.32400000000000007,4.647054588685734
10,30,296,510663,4,192,1,1,16,,,2.3333333333333335,6.333333333333333,4.6,85.0,,,0.6,,4.730769230769231,0.7692307692307693,85,92.0,65032.0,33287.0,39.0,0.2413793103448276,FWD,4.598212007809933,4.870382304836265,4.12439817444572,0.2,0.4,0.398,0.13800000000000004,0.5359999999999999,4.5309974956973065
10,30,292,502500,4,185,6,1,20,,,1.3333333333333333,3.3333333333333335,3.4,90.0,,,0.2,,4.931034482758621,0.9655172413793104,60,73.0,65333.0,14652.0,22.0,0.13333333333333333,FWD,4.592399249921139,4.767589150279057,4.174778108690883,0.4,0.0,0.49000000000000005,0.152,0.642,4.511588836297026
10,30,295,231747,4,188,1,1,15,,,1.6666666666666667,2.0,3.4,88.0,,,0.6,,3.652173913043478,1.0,75,75.0,11620.0,84570.0,37.0,0.13793103448275862,FWD,4.62708067596826,4.62638983482587,4.057517140187638,0.2,0.0,0.27999999999999997,0.042,0.32199999999999995,4.43699588366059
10,30,300,178186,4,199,6,1,2,,,1.0,5.0,4.4,90.0,,,0.0,,4.655172413793103,1.0,80,75.0,49662.0,4516.0,59.0,0.41379310344827586,FWD,4.4772961622111165,4.470555864937287,4.123870503148223,0.0,0.6,0.068,0.348,0.41600000000000004,4.3572408434322085
10,30,296,243298,3,192,3,1,16,,,2.3333333333333335,4.0,3.4,76.66666666666667,,,0.0,,3.740740740740741,0.8518518518518519,75,73.0,3175.0,4519.0,39.0,0.2413793103448276,MID,4.514189156604765,4.480985765587771,4.0678232165218144,0.2,0.0,0.23200000000000004,0.144,0.376,4.3543327129047835
10,30,295,232185,3,188,3,1,15,,,1.6666666666666667,6.333333333333333,5.8,90.0,,,0.6,,4.7368421052631575,1.0,65,63.0,3196.0,17968.0,37.0,0.13793103448275862,MID,4.474460852128858,4.457918489792093,4.117861391399079,0.6,0.0,0.466,0.017999999999999995,0.4840000000000001,4.350080244440011
10,30,292,533463,3,185,8,1,20,,,1.3333333333333333,3.3333333333333335,4.6,82.33333333333333,,,0.4,,4.217391304347826,0.782608695652174,60,60.0,7959.0,2908.0,22.0,0.13333333333333333,MID,4.382768449047033,4.3727384431280205,4.018134749594351,0.2,0.4,0.152,0.24000000000000005,0.392,4.257880547256468
10,30,291,204480,3,181,3,1,8,,,2.3333333333333335,4.0,8.0,85.0,,,1.2,,6.0,1.0344827586206897,65,74.0,10586.0,144505.0,34.0,0.3448275862068966,MID,4.437804883127791,4.398882598229247,3.8650902260499747,0.0,0.6,0.02,0.346,0.366,4.233925902469005
10,30,296,97032,2,192,2,1,16,39.0,0.3333333333333333,2.3333333333333335,6.333333333333333,7.2,90.0,0.4,,1.0,1.406,4.482758620689655,1.0,60,62.0,69517.0,11158.0,39.0,0.2413793103448276,DEF,4.502310866423732,4.507267527785875,3.651549936504164,,,,,,4.2203761102379245
10,30,298,222531,3,196,3,1,11,,,1.0,6.333333333333333,4.8,89.66666666666667,,,0.6,,4.206896551724138,0.9655172413793104,75,74.0,28663.0,5009.0,40.0,0.1724137931034483,MID,4.303344387804811,4.311062341429101,3.9977158920971387,0.4,0.0,0.322,0.05,0.372,4.204040873777017
10,30,295,247412,4,188,1,1,15,,,1.6666666666666667,2.6666666666666665,4.4,75.66666666666667,,,0.6,,2.259259259259259,0.7037037037037037,65,61.0,1253.0,14175.0,37.0,0.13793103448275862,FWD,4.433133248177557,4.244705535616615,3.8963703337460602,0.6,0.0,0.22200000000000003,0.046,0.268,4.191403039180077
10,30,294,475168,4,187,2,1,9,,,2.0,9.333333333333334,9.2,84.33333333333333,,,1.0,,5.517241379310345,0.8620689655172413,75,78.0,86315.0,12492.0,42.0,0.2413793103448276,FWD,4.142357142592441,4.285911222773718,4.036296241327191,1.0,0.8,1.098,0.04400000000000001,1.142,4.154854868897783
10,30,292,513418,3,185,2,1,20,,,1.3333333333333333,3.6666666666666665,2.2,68.66666666666667,,,0.0,,3.730769230769231,0.9230769230769231,70,69.0,5972.0,3202.0,22.0,0.13333333333333333,MID,4.202372557140927,4.221897833560165,3.885536734999956,0.2,0.0,0.28,0.082,0.362,4.10326904190035
10,30,296,424876,3,192,11,1,16,,,2.3333333333333335,4.0,5.0,90.0,,,0.8,,4.037037037037037,1.0,65,70.0,71473.0,4853.0,39.0,0.2413793103448276,MID,4.099214449504029,4.130820907856708,3.889304289710283,0.2,0.2,0.044000000000000004,0.23800000000000004,0.2819999999999999,4.039779882357007
10,30,291,232413,3,181,3,1,8,,,2.3333333333333335,6.333333333333333,4.6,85.33333333333333,,,0.4,,3.72,0.68,75,72.0,1861.0,12035.0,34.0,0.3448275862068966,MID,4.112501252524595,4.097158245698738,3.776517794873849,0.4,0.0,0.266,0.098,0.364,3.995392431032394
10,30,297,446008,3,194,2,1,4,,,1.3333333333333333,3.0,4.6,79.33333333333333,,,0.2,,4.916666666666667,1.0,80,86.0,25639.0,46149.0,39.0,0.27586206896551724,MID,4.099255474027439,4.148356423388044,3.730664973371274,0.2,0.4,0.22999999999999998,0.11600000000000002,0.346,3.992758956928919
10,30,294,448047,3,187,2,1,9,,,2.0,2.3333333333333335,2.2,84.33333333333333,,,0.0,,4.464285714285714,0.9642857142857143,65,66.0,13501.0,23912.0,42.0,0.2413793103448276,MID,4.061671430564415,4.074397658280376,3.7292591397354036,0.0,0.2,0.174,0.32599999999999996,0.5,3.9551094095267323
10,30,292,207283,3,185,2,1,20,,,1.3333333333333333,2.6666666666666665,3.4,90.0,,,0.0,,2.4074074074074074,0.6296296296296297,50,49.0,141.0,114.0,22.0,0.13333333333333333,MID,3.9630327078539356,3.9347420746968496,3.6913930342541725,0.0,0.4,0.124,0.23000000000000004,0.354,3.863055938934986
10,30,293,201658,3,184,3,0,19,,,0.3333333333333333,3.3333333333333335,4.6,60.0,,,0.4,,4.16,0.88,55,54.0,3114.0,4221.0,32.0,0.10344827586206896,MID,3.9394755140723454,3.908957234333716,3.685202029793489,0.2,0.4,0.4960000000000001,0.16,0.656,3.8445449260665168
10,30,298,215379,3,196,2,1,11,,,1.0,6.0,5.4,85.33333333333333,,,0.6,,4.517241379310345,1.0,55,55.0,25984.0,8113.0,40.0,0.1724137931034483,MID,3.948438725903304,3.8912196735324702,3.672569958813718,0.2,0.0,0.10999999999999999,0.202,0.312,3.837409452749831
10,30,300,448514,2,193,1,0,18,27.0,0.3333333333333333,1.6666666666666667,5.666666666666667,5.6,85.33333333333333,0.4,,1.2,1.1119999999999999,3.5833333333333335,0.75,60,57.0,1474.0,8899.0,35.0,0.13793103448275862,DEF,4.065600624093252,4.022327608567215,3.4010092571062778,,,,,,3.829645829922248
10,30,294,232826,3,195,11,0,6,,,1.6666666666666667,3.6666666666666665,4.4,82.0,,,0.0,,3.347826086956522,0.9130434782608695,75,73.0,139907.0,2059.0,53.0,0.3103448275862069,MID,3.9511892576260577,3.939195559249584,3.5872699210648102,0.4,0.2,0.466,0.066,0.5319999999999999,3.825884912646817
10,30,291,226597,2,181,9,1,8,22.0,0.3333333333333333,2.3333333333333335,7.333333333333333,7.2,90.0,0.2,,1.2,1.246,7.125,1.0416666666666667,60,72.0,21330.0,55600.0,34.0,0.3448275862068966,DEF,3.9922014783899993,4.090591909659093,3.384420508810059,,,,,,3.822404632286384
10,30,298,153682,3,190,3,0,17,,,1.6666666666666667,7.333333333333333,5.2,77.33333333333333,,,0.6,,5.185185185185185,0.9259259259259259,55,60.0,63658.0,22327.0,28.0,0.20689655172413793,MID,3.8776287600321897,3.919271122845589,3.6575053150201966,0.2,0.4,0.158,0.21600000000000003,0.374,3.8181350659659916
10,30,300,465351,2,193,2,0,18,27.0,0.3333333333333333,1.6666666666666667,3.6666666666666665,4.0,90.0,0.2,,0.4,1.02,4.846153846153846,0.9230769230769231,55,54.0,1100.0,23276.0,35.0,0.13793103448275862,DEF,4.051590617030152,4.002304329761749,3.3962492109084383,,,,,,3.8167147192334467
10,30,296,116535,1,192,4,1,16,39.0,0.3333333333333333,2.3333333333333335,3.3333333333333335,3.6,90.0,0.4,2.6,0.4,1.4060000000000001,3.5416666666666665,1.0,55,54.0,6985.0,4168.0,39.0,0.2413793103448276,GK,4.129781544654983,3.9682292010842772,3.343716649661943,,,,,,3.8139091318004006
10,30,296,243016,3,192,8,1,16,,,2.3333333333333335,8.0,5.8,90.0,,,1.0,,2.7142857142857144,0.8571428571428571,65,63.0,14998.0,2737.0,39.0,0.2413793103448276,MID,3.8640389508398725,3.856318023074638,3.709564453758095,0.4,0.0,0.21000000000000002,0.03,0.24,3.8099738092242017
10,30,293,444102,4,184,2,0,19,,,0.3333333333333333,3.3333333333333335,2.6,65.66666666666667,,,0.2,,3.2222222222222223,0.8518518518518519,70,68.0,2276.0,5580.0,32.0,0.10344827586206896,FWD,3.8749224738913837,3.8316275686256294,3.6286343500097074,0.2,0.0,0.16799999999999998,0.06599999999999999,0.23400000000000007,3.778394797508907
10,30,297,430871,3,194,8,1,4,,,1.3333333333333333,3.3333333333333335,3.0,90.0,,,0.0,,3.9615384615384617,0.8461538461538461,80,80.0,39780.0,4705.0,39.0,0.27586206896551724,MID,3.854311258816013,3.8569847875918226,3.611745582551986,0.0,0.2,0.082,0.04,0.12200000000000004,3.7743472096532735
10,30,300,220566,3,193,4,0,18,,,1.6666666666666667,6.0,5.0,90.0,,,0.8,,3.1176470588235294,0.7647058823529411,65,63.0,546.0,989.0,35.0,0.13793103448275862,MID,3.8266212322332223,3.790983885731535,3.6189938689019012,0.2,0.0,0.122,0.09000000000000001,0.21200000000000002,3.7455329956222196
10,30,292,440089,3,185,2,1,20,,,1.3333333333333333,7.333333333333333,4.8,67.66666666666667,,,0.6,,3.4,0.68,60,56.0,6463.0,2079.0,22.0,0.13333333333333333,MID,3.7721136091571017,3.7745368268854502,3.616624797061579,0.4,0.2,0.132,0.06399999999999999,0.196,3.7210917443680436
10,30,300,165809,3,193,9,0,18,,,1.6666666666666667,2.0,2.6,90.0,,,0.2,,2.4827586206896552,0.8620689655172413,65,62.0,1306.0,1082.0,35.0,0.13793103448275862,MID,3.792859303284989,3.7906522173209423,3.572146227664135,0.2,0.0,0.166,0.21399999999999997,0.38,3.7185525827566885
10,30,293,499604,3,184,3,0,19,,,0.3333333333333333,2.6666666666666665,4.6,84.33333333333333,,,0.4,,4.5,0.8333333333333334,55,56.0,929.0,10359.0,32.0,0.10344827586206896,MID,3.762863932214373,3.7557433568682876,3.618456767782969,0.4,0.0,0.17400000000000002,0.086,0.25999999999999995,3.7123546856218765
10,30,300,466052,3,193,1,0,18,,,1.6666666666666667,3.0,2.2,66.66666666666667,,,0.0,,4.125,0.5833333333333334,65,64.0,2346.0,32231.0,35.0,0.13793103448275862,MID,3.77102961589096,3.768767808042093,3.586592110637781,0.0,0.2,0.08199999999999999,0.188,0.27,3.708796511523611
10,30,300,209244,3,193,1,0,18,,,1.6666666666666667,2.6666666666666665,2.0,49.666666666666664,,,0.0,,4.44,0.84,80,80.0,473.0,14252.0,35.0,0.13793103448275862,MID,3.7392361686048687,3.7657654425011806,3.5995604786015907,0.0,0.2,0.078,0.05999999999999996,0.138,3.7015206965692133
10,30,291,462424,2,181,11,1,8,22.0,0.3333333333333333,2.3333333333333335,4.333333333333333,4.2,90.0,0.2,,0.4,0.516,3.88,0.96,60,61.0,12205.0,14388.0,34.0,0.3448275862068966,DEF,3.883517213904412,3.8763246807544207,3.3090547935275856,,,,,,3.6896322293954724
10,30,296,216094,2,192,6,1,16,39.0,0.3333333333333333,2.3333333333333335,3.6666666666666665,3.8,47.333333333333336,0.4,,0.2,0.352,3.4615384615384617,0.5384615384615384,60,57.0,10356.0,976.0,39.0,0.2413793103448276,DEF,3.891958557827123,3.8666935379049905,3.306375253059673,,,,,,3.6883424495972625
10,30,293,503139,3,184,5,0,19,,,0.3333333333333333,3.6666666666666665,3.4,90.0,,,0.0,,3.4827586206896552,0.896551724137931,50,51.0,1072.0,2859.0,32.0,0.10344827586206896,MID,3.7660976142385234,3.7192988479964333,3.5524661441866883,0.0,0.0,0.194,0.08600000000000001,0.28,3.679287535473881
10,30,300,204936,1,193,2,0,18,27.0,0.3333333333333333,1.6666666666666667,3.6666666666666665,4.2,90.0,0.4,3.2,0.2,1.142,3.923076923076923,1.0,55,56.0,3132.0,23990.0,35.0,0.13793103448275862,GK,3.8559595349036933,3.832792223391448,3.3290391651713285,,,,,,3.672596974488823
10,30,300,438234,3,193,3,0,18,,,1.6666666666666667,2.6666666666666665,2.2,56.333333333333336,,,0.0,,2.3125,0.375,85,83.0,1104.0,3656.0,35.0,0.13793103448275862,MID,3.735227811031822,3.7400656374980876,3.4870092195453894,0.0,0.2,0.12400000000000003,0.026000000000000002,0.15,3.6541008893584332
10,30,298,80201,1,190,7,0,17,43.0,0.0,1.6666666666666667,2.3333333333333335,1.4,90.0,0.0,1.6,0.0,1.4140000000000001,2.7241379310344827,1.0,50,49.0,16917.0,672.0,28.0,0.20689655172413793,GK,3.866682262856228,3.7396405172952543,3.3189441915179585,,,,,,3.641755657223147
10,30,292,444765,2,185,1,1,20,40.0,0.3333333333333333,1.3333333333333333,5.0,4.4,90.0,0.2,,0.2,1.364,3.4583333333333335,0.9583333333333334,45,45.0,7385.0,1180.0,22.0,0.13333333333333333,DEF,3.8260964102768504,3.814921436130127,3.2841363067909035,,,,,,3.641718051065961
10,30,300,472769,2,193,2,0,18,27.0,0.3333333333333333,1.6666666666666667,12.0,7.8,83.0,0.4,,0.8,1.138,4.555555555555555,0.8148148148148148,50,51.0,9098.0,50285.0,35.0,0.13793103448275862,DEF,3.8227485916530926,3.82003156608209,3.276226078791111,,,,,,3.6396687455087644
10,30,298,153133,3,190,3,0,17,,,1.6666666666666667,8.333333333333334,6.2,88.66666666666667,,,1.6,,3.9565217391304346,1.0,65,64.0,26542.0,3832.0,28.0,0.20689655172413793,MID,3.6481330758549344,3.6885410887647696,3.5085870685088523,0.4,0.2,0.088,0.19,0.27799999999999997,3.615087077709519
10,30,297,485711,4,194,5,1,4,,,1.3333333333333333,6.0,5.4,65.33333333333333,,,1.6,,3.7083333333333335,0.5416666666666666,75,74.0,63976.0,4641.0,39.0,0.27586206896551724,FWD,3.6279002988985862,3.6630888901140137,3.546759980234214,0.6,0.0,0.268,0.004000000000000001,0.27199999999999996,3.612583056415605
10,30,292,200720,1,185,1,1,20,40.0,0.3333333333333333,1.3333333333333333,3.3333333333333335,4.2,90.0,0.4,2.8,0.6,1.65,3.7142857142857144,1.0,45,48.0,25665.0,5240.0,22.0,0.13333333333333333,GK,3.725625271449621,3.77421672306327,3.3226912606902737,,,,,,3.607511085067722
10,30,299,441264,4,197,2,1,12,,,1.0,1.3333333333333333,2.6,81.0,,,0.2,,2.8181818181818183,0.5909090909090909,55,53.0,756.0,1591.0,38.0,0.20689655172413793,FWD,3.7357841597511765,3.6008114070902475,3.482354832405617,0.2,0.0,0.142,0.044,0.186,3.6063167997490138
10,30,297,178301,4,182,0,0,3,,,0.6666666666666666,1.6666666666666667,1.8,81.66666666666667,,,0.0,,3.5714285714285716,0.8928571428571429,90,85.0,22991.0,7689.0,51.0,0.1724137931034483,FWD,3.694831507494964,3.581858839195745,3.50953961953728,0.0,0.0,0.11999999999999997,0.019999999999999997,0.13999999999999999,3.595409988742663
10,30,294,215059,1,187,3,1,9,34.0,0.0,2.0,1.6666666666666667,1.8,90.0,0.0,2.4,0.0,1.12,3.5925925925925926,1.0,50,48.0,4895.0,7483.0,42.0,0.2413793103448276,GK,3.822392436441199,3.5991086594012143,3.303714568118098,,,,,,3.5750718879868373
10,30,295,496221,3,188,1,1,15,,,1.6666666666666667,4.666666666666667,4.8,79.0,,,0.4,,3.4615384615384617,1.0,50,50.0,568.0,2086.0,37.0,0.13793103448275862,MID,3.629445052928827,3.616439829554424,3.4759655568465617,0.0,0.6,0.057999999999999996,0.238,0.296,3.5739501464432712
10,30,293,444180,3,183,3,1,10,,,1.3333333333333333,5.333333333333333,5.2,87.66666666666667,,,0.2,,3.5714285714285716,0.8214285714285714,55,50.0,2351.0,1853.0,44.0,0.27586206896551724,MID,3.6304643154349976,3.583968272213512,3.498799111444946,0.4,0.2,0.142,0.061999999999999986,0.20400000000000001,3.571077233031152
10,30,291,448104,2,181,4,1,8,22.0,0.3333333333333333,2.3333333333333335,4.333333333333333,8.6,90.0,0.2,,1.4,1.114,4.25,0.95,55,51.0,1527.0,4049.0,34.0,0.3448275862068966,DEF,3.7556368272064526,3.692018662972809,3.2323545342282793,,,,,,3.56000334146918
10,30,291,481655,3,181,3,1,8,,,2.3333333333333335,2.3333333333333335,3.8,86.33333333333333,,,0.0,,4.0,1.0333333333333334,55,51.0,1054.0,23795.0,34.0,0.3448275862068966,MID,3.6675359117859334,3.5564041090846716,3.452912471853905,0.0,0.0,0.022,0.17400000000000002,0.196,3.55895083090817
10,30,291,248857,3,181,3,1,8,,,2.3333333333333335,9.0,8.4,89.0,,,1.8,,3.3684210526315788,0.6842105263157895,70,68.0,340.0,2895.0,34.0,0.3448275862068966,MID,3.606170966136358,3.6033538485209187,3.4642698126368425,0.6,0.2,0.13799999999999998,0.09,0.22799999999999998,3.557931542431373
10,30,296,441266,3,192,2,1,16,,,2.3333333333333335,2.6666666666666665,3.6,73.33333333333333,,,0.0,,4.407407407407407,1.0,55,55.0,3164.0,9500.0,39.0,0.2413793103448276,MID,3.5679645903175174,3.5503386468470275,3.5256157857094577,0.0,0.4,0.022000000000000006,0.05,0.072,3.5479730076246674
10,30,293,431639,4,183,2,1,10,,,1.3333333333333333,5.666666666666667,4.0,84.0,,,0.6,,3.1,0.6,55,53.0,1981.0,760.0,44.0,0.27586206896551724,FWD,3.58221182065155,3.5701585289226645,3.4782389201964823,0.4,0.0,0.248,0.006,0.254,3.543536423256899
10,30,299,547027,3,197,2,1,12,,,1.0,4.666666666666667,3.4,83.33333333333333,,,0.0,,3.6666666666666665,0.8333333333333334,55,53.0,290.0,596.0,38.0,0.20689655172413793,MID,3.579461285355017,3.575834760646457,3.457995568486673,0.2,0.2,0.22800000000000004,0.036,0.264,3.537763871496049
10,30,295,437499,2,188,9,1,15,35.0,0.3333333333333333,1.6666666666666667,5.666666666666667,4.0,78.33333333333333,0.2,,0.6,0.9019999999999999,4.407407407407407,1.0,50,51.0,7600.0,11416.0,37.0,0.13793103448275862,DEF,3.6819942676739466,3.6745504039714776,3.2016905757807566,,,,,,3.5194117491420602
10,30,295,244723,2,188,6,1,15,35.0,0.3333333333333333,1.6666666666666667,4.666666666666667,4.2,90.0,0.4,,0.4,1.3279999999999998,3.7241379310344827,1.0,50,50.0,1349.0,5936.0,37.0,0.13793103448275862,DEF,3.6525356472161907,3.6410846495428313,3.1870423545350084,,,,,,3.49355421709801
10,30,300,247670,4,199,2,1,2,,,1.0,3.6666666666666665,3.8,89.0,,,0.2,,3.111111111111111,1.0,55,55.0,542.0,366.0,59.0,0.41379310344827586,FWD,3.492711782867805,3.501608021826023,3.485636552253802,0.4,0.0,0.18,0.094,0.274,3.49331878564921
10,30,291,445122,2,181,1,1,8,22.0,0.3333333333333333,2.3333333333333335,8.0,6.0,78.66666666666667,0.2,,0.4,1.1640000000000001,5.206896551724138,1.0,55,63.0,11180.0,103675.0,34.0,0.3448275862068966,DEF,3.6043573466622663,3.6699793909403735,3.1681272869002073,,,,,,3.480821341500949
10,30,298,102057,4,190,2,0,17,,,1.6666666666666667,4.666666666666667,4.0,65.0,,,0.4,,3.4642857142857144,0.8571428571428571,65,62.0,16992.0,4857.0,28.0,0.20689655172413793,FWD,3.5341823686028606,3.4482354985182098,3.400325107801588,0.4,0.2,0.546,0.036,0.5820000000000001,3.4609143249742194
10,30,295,466525,3,191,5,0,14,,,0.3333333333333333,5.666666666666667,5.4,87.33333333333333,,,1.0,,4.75,0.9583333333333334,50,47.0,8654.0,3077.0,33.0,0.3448275862068966,MID,3.524926739714044,3.4834532602757804,3.3582436600142467,0.2,0.2,0.05800000000000001,0.22800000000000004,0.2859999999999999,3.4555412200013564
10,30,299,60307,3,186,8,0,13,,,1.3333333333333333,3.3333333333333335,2.8,90.0,,,0.0,,3.3,0.9,55,55.0,1227.0,291.0,30.0,0.3103448275862069,MID,3.478905503596226,3.4760451941149246,3.3625549656058413,0.0,0.2,0.046,0.254,0.3,3.439168554438998
10,30,299,50175,4,186,2,0,13,,,1.3333333333333333,6.333333333333333,4.4,67.0,,,1.2,,3.2857142857142856,0.6428571428571429,65,61.0,10509.0,5833.0,30.0,0.3103448275862069,FWD,3.4604288831316206,3.447724019522746,3.4090558820977455,0.4,0.0,0.15799999999999997,0.06200000000000001,0.22000000000000003,3.4390695949173704
10,30,292,607464,2,185,8,1,20,40.0,0.3333333333333333,1.3333333333333333,2.3333333333333335,2.6,90.0,0.4,,0.0,1.626,2.7857142857142856,1.0,45,45.0,6162.0,481.0,22.0,0.13333333333333333,DEF,3.579661416986494,3.575928810258825,3.152475086532892,,,,,,3.4360217712594037
10,30,296,122798,2,192,2,1,16,39.0,0.3333333333333333,2.3333333333333335,3.0,2.2,40.666666666666664,0.2,,0.4,0.6319999999999999,2.0,0.29411764705882354,60,57.0,747.0,279.0,39.0,0.2413793103448276,DEF,3.5900692382228616,3.5714645906431643,3.1424079528185174,,,,,,3.434647260561514
10,30,291,154561,1,181,7,1,8,22.0,0.3333333333333333,2.3333333333333335,4.333333333333333,3.8,90.0,0.2,2.8,0.2,1.246,4.166666666666667,1.0666666666666667,55,60.0,17395.0,31612.0,34.0,0.3448275862068966,GK,3.3923423511066235,3.5925025072948773,3.302998650672692,,,,,,3.429281169691398
10,30,292,191866,2,185,0,1,20,40.0,0.3333333333333333,1.3333333333333333,2.6666666666666665,3.0,79.66666666666667,0.2,,0.0,1.364,3.0434782608695654,0.782608695652174,45,44.0,338.0,414.0,22.0,0.13333333333333333,DEF,3.5757646254137443,3.558269799978446,3.146838079827013,,,,,,3.4269575017397345
10,30,292,432830,2,185,0,1,20,40.0,0.3333333333333333,1.3333333333333333,2.6666666666666665,2.0,55.0,0.2,,0.0,1.1460000000000001,3.8076923076923075,0.8846153846153846,50,49.0,7608.0,3524.0,22.0,0.13333333333333333,DEF,3.572302198234159,3.5653225496153804,3.1416592088253728,,,,,,3.426427985558304
10,30,294,225796,2,187,2,1,9,34.0,0.0,2.0,4.666666666666667,4.2,89.33333333333333,0.4,,0.4,0.6979999999999998,4.269230769230769,0.7307692307692307,55,56.0,21210.0,25982.0,42.0,0.2413793103448276,DEF,3.551375734293903,3.556635073787862,3.131624855944273,,,,,,3.41321188800868
10,30,298,482973,4,196,2,1,11,,,1.0,4.0,2.8,78.66666666666667,,,0.0,,2.5357142857142856,0.7142857142857143,60,58.0,3801.0,2066.0,40.0,0.1724137931034483,FWD,3.4290010871023764,3.4059972728669163,3.386709799198514,0.0,0.4,0.124,0.044,0.16799999999999998,3.4072360530559354
10,30,291,440993,3,189,2,0,1,,,1.6666666666666667,4.0,4.6,90.0,,,0.4,,4.3478260869565215,1.0,65,62.0,5295.0,3440.0,59.0,0.4666666666666667,MID,3.495814196095416,3.4573428656742244,3.2448336991141065,0.2,0.2,0.21999999999999997,0.21600000000000003,0.43600000000000005,3.399330253627916
10,30,300,209036,2,193,2,0,18,27.0,0.3333333333333333,1.6666666666666667,3.0,3.8,90.0,0.4,,0.2,1.142,4.925925925925926,1.0,45,52.0,4547.0,146591.0,35.0,0.13793103448275862,DEF,3.5249220243204844,3.54509629510925,3.124527122147661,,,,,,3.3981818138591318
10,30,295,177815,4,191,0,0,14,,,0.3333333333333333,2.0,3.0,90.0,,,0.2,,4.153846153846154,0.8076923076923077,55,56.0,7875.0,32043.0,33.0,0.3448275862068966,FWD,3.389959387244928,3.380867563410067,3.3821662250676594,0.2,0.0,0.31400000000000006,0.014000000000000002,0.328,3.3843310585742175
10,30,297,61256,3,194,6,1,4,,,1.3333333333333333,5.666666666666667,4.4,80.0,,,0.2,,4.703703703703703,0.9629629629629629,55,57.0,31471.0,3272.0,39.0,0.27586206896551724,MID,3.4260469745139632,3.407729357854779,3.3159260666889154,0.2,0.0,0.13800000000000004,0.12799999999999997,0.266,3.383234133019219
10,30,294,486672,3,187,1,1,9,,,2.0,2.6666666666666665,2.8,90.0,,,0.2,,3.875,0.9583333333333334,55,57.0,1832.0,5877.0,42.0,0.2413793103448276,MID,3.344457063277076,3.342887374736552,3.291882187213476,0.0,0.0,0.04,0.15599999999999997,0.196,3.3264088750757015
10,30,295,427623,2,188,10,1,15,35.0,0.3333333333333333,1.6666666666666667,3.6666666666666665,3.8,90.0,0.4,,0.4,1.3279999999999998,4.16,1.0,45,44.0,2025.0,8054.0,37.0,0.13793103448275862,DEF,3.453635843030413,3.423743689638218,3.0789954117860088,,,,,,3.3187916481515463
10,30,293,67089,1,183,6,1,10,58.0,0.0,1.3333333333333333,1.3333333333333333,1.2,90.0,0.0,1.8,0.0,1.672,2.7586206896551726,1.0,40,40.0,5948.0,8521.0,44.0,0.27586206896551724,GK,3.3664909289529352,3.27486932762118,3.2685763226808575,,,,,,3.303312193084991
10,30,293,457569,1,184,6,0,19,46.0,0.6666666666666666,0.3333333333333333,6.0,4.8,90.0,0.4,3.2,0.4,1.6939999999999997,3.2413793103448274,1.0,45,45.0,11800.0,5016.0,32.0,0.10344827586206896,GK,3.2898709381347295,3.3237407134934402,3.273872579437279,,,,,,3.2958280770218162
10,30,299,489639,1,186,7,0,13,36.0,0.3333333333333333,1.3333333333333333,4.0,3.4,90.0,0.2,2.6,0.0,0.976,3.1379310344827585,1.0,45,45.0,5906.0,2959.0,30.0,0.3103448275862069,GK,3.2913213144280076,3.2958768949115678,3.2708529405465447,,,,,,3.2860170499620405
10,30,298,209046,3,196,1,1,11,,,1.0,3.0,2.8,55.0,,,0.0,,2.740740740740741,0.6666666666666666,60,57.0,549.0,566.0,40.0,0.1724137931034483,MID,3.328083022385241,3.287601166855482,3.191142960402548,0.0,0.2,0.16999999999999998,0.142,0.31199999999999994,3.2689423832144233
10,30,298,575476,2,196,6,1,11,43.0,0.0,1.0,1.6666666666666667,3.0,90.0,0.2,,0.0,1.7740000000000002,3.2857142857142856,1.0,55,52.0,6643.0,771.0,40.0,0.1724137931034483,DEF,3.3491560960076443,3.3218946191534426,3.018982947215044,,,,,,3.2300112207920435
10,30,294,180736,2,187,2,1,9,34.0,0.0,2.0,1.6666666666666667,2.4,90.0,0.0,,0.0,1.052,4.607142857142857,1.0,50,55.0,14058.0,24488.0,42.0,0.2413793103448276,DEF,3.3182560709347166,3.3375461154692605,3.0122355013433983,,,,,,3.2226792292491253
10,30,298,227444,2,196,6,1,11,43.0,0.0,1.0,1.6666666666666667,2.4,90.0,0.2,,0.0,1.616,2.793103448275862,1.0,55,51.0,2705.0,990.0,40.0,0.1724137931034483,DEF,3.3303192138516264,3.2945505914230626,3.0074102106884557,,,,,,3.2107600053210485
10,30,294,179268,2,187,2,1,9,34.0,0.0,2.0,2.0,3.4,48.666666666666664,0.0,,0.0,0.7580000000000002,3.64,0.88,60,60.0,17883.0,3182.0,42.0,0.2413793103448276,DEF,3.298534351220284,3.297465677758248,2.9898649170934757,,,,,,3.195288315357336
10,30,295,427637,3,191,1,0,14,,,0.3333333333333333,2.3333333333333335,2.4,69.66666666666667,,,0.0,,3.75,0.7857142857142857,55,54.0,988.0,1655.0,33.0,0.3448275862068966,MID,3.191598542341305,3.159024767615641,3.168842722175357,0.0,0.0,0.176,0.034,0.21000000000000002,3.173155344044101
10,30,300,215439,3,199,4,1,2,,,1.0,4.0,4.8,83.33333333333333,,,0.4,,2.8076923076923075,0.5769230769230769,60,57.0,1035.0,313.0,59.0,0.41379310344827586,MID,3.1914653567025923,3.155040420169195,3.161340582325422,0.4,0.0,0.33999999999999997,0.01,0.35,3.169282119732403
10,30,298,85633,1,196,6,1,11,43.0,0.0,1.0,1.3333333333333333,4.0,75.0,0.4,2.6,0.6,1.8060000000000003,2.909090909090909,0.9545454545454546,50,46.0,1995.0,818.0,40.0,0.1724137931034483,GK,3.152032751575713,3.0975474601634936,3.249359717261916,,,,,,3.166313309667041
10,30,291,215413,3,189,2,0,1,,,1.6666666666666667,6.333333333333333,6.8,89.33333333333333,,,0.8,,5.090909090909091,0.9545454545454546,50,51.0,8887.0,5880.0,59.0,0.4666666666666667,MID,3.190537303506979,3.18470735159554,3.110701601689355,0.4,0.4,0.20800000000000002,0.236,0.44399999999999995,3.161982085597291
10,30,294,225321,1,195,7,0,6,43.0,0.0,1.6666666666666667,2.3333333333333335,2.2,90.0,0.0,2.4,0.0,1.176,1.75,0.875,50,48.0,8024.0,387.0,53.0,0.3103448275862069,GK,3.129395339844438,3.098785174817724,3.249493850036811,,,,,,3.1592247882329914
10,30,295,199598,3,191,5,0,14,,,0.3333333333333333,4.666666666666667,3.6,90.0,,,0.2,,3.5384615384615383,1.0,50,49.0,647.0,369.0,33.0,0.3448275862068966,MID,3.1665034345173186,3.1477525993045203,3.143946874798864,0.0,0.2,0.02,0.052000000000000005,0.072,3.1527343028735673
10,30,298,184349,3,190,1,0,17,,,1.6666666666666667,2.3333333333333335,2.6,62.666666666666664,,,0.0,,3.5454545454545454,0.8181818181818182,55,54.0,238.0,178.0,28.0,0.20689655172413793,MID,3.1502485781168024,3.112188824511932,3.163922892381083,0.0,0.0,0.048,0.08199999999999999,0.13,3.142120098336606
10,30,298,232892,2,190,9,0,17,43.0,0.0,1.6666666666666667,3.0,2.2,90.0,0.0,,0.0,1.066,3.142857142857143,0.9047619047619048,45,44.0,9916.0,315.0,28.0,0.20689655172413793,DEF,3.2368263891694884,3.2143096702149205,2.963526487122325,,,,,,3.138220848835578
10,30,300,551226,3,199,1,1,2,,,1.0,3.0,4.0,90.0,,,0.0,,3.8518518518518516,0.9629629629629629,55,55.0,1087.0,1137.0,59.0,0.41379310344827586,MID,3.175779157290032,3.131775674031217,3.088977415242632,0.0,0.2,0.018,0.08200000000000002,0.1,3.132177415521294
10,30,298,210462,3,196,3,1,11,,,1.0,2.3333333333333335,2.2,90.0,,,0.0,,3.238095238095238,0.9047619047619048,50,49.0,79.0,68.0,40.0,0.1724137931034483,MID,3.1383461791623533,3.125075533349297,3.0940715255672586,0.0,0.0,0.052000000000000005,0.06799999999999999,0.12000000000000002,3.1191644126929696
10,30,298,167074,2,190,6,0,17,43.0,0.0,1.6666666666666667,2.6666666666666665,2.0,86.0,0.0,,0.0,1.012,3.5714285714285716,0.9523809523809523,45,45.0,3889.0,200.0,28.0,0.20689655172413793,DEF,3.201067849655489,3.187762983432107,2.945905943585637,,,,,,3.111578925557744
10,30,298,174874,2,190,7,0,17,43.0,0.0,1.6666666666666667,2.3333333333333335,3.0,90.0,0.0,,0.2,1.6960000000000002,3.576923076923077,1.0,45,45.0,41754.0,1223.0,28.0,0.20689655172413793,DEF,3.1990927419154773,3.184465101940925,2.94433834705728,,,,,,3.1092987303045607
10,30,295,59735,1,191,6,0,14,48.0,0.0,0.3333333333333333,2.3333333333333335,2.2,90.0,0.0,2.8,0.0,1.7560000000000002,2.3076923076923075,1.0,40,39.0,2725.0,1167.0,33.0,0.3448275862068966,GK,3.0699409907553044,3.011117194011521,3.2399931549494996,,,,,,3.107017113238775
10,30,297,465247,1,194,2,1,4,40.0,0.3333333333333333,1.3333333333333333,4.333333333333333,4.2,90.0,0.4,2.4,0.4,1.016,3.130434782608696,1.0,50,50.0,13257.0,3933.0,39.0,0.27586206896551724,GK,2.9497577543658102,3.1070582618027527,3.2503904154208056,,,,,,3.1024021438631224
10,30,299,532529,3,186,3,0,13,,,1.3333333333333333,4.333333333333333,2.8,82.66666666666667,,,0.0,,2.7777777777777777,0.6111111111111112,55,51.0,154.0,105.0,30.0,0.3103448275862069,MID,3.1085857838902413,3.100635362229527,3.0925727829862275,0.0,0.4,0.124,0.054000000000000006,0.178,3.100597976368665
10,30,295,651426,2,188,11,1,15,35.0,0.3333333333333333,1.6666666666666667,3.3333333333333335,4.0,90.0,0.4,,0.4,1.8399999999999999,3.0833333333333335,0.5,45,45.0,551.0,135.0,37.0,0.13793103448275862,DEF,3.17903483283985,3.172216388896731,2.9357183889123304,,,,,,3.09565653688297
10,30,297,244850,3,182,2,0,3,,,0.6666666666666666,1.6666666666666667,3.4,90.0,,,0.6,,4.482758620689655,1.0,70,75.0,41865.0,36519.0,51.0,0.1724137931034483,MID,3.069948566479522,3.1332556987266895,3.0461462222948086,0.2,0.0,0.14600000000000002,0.06999999999999999,0.21600000000000003,3.083116829167007
10,30,298,207189,3,190,2,0,17,,,1.6666666666666667,3.3333333333333335,2.8,87.0,,,0.0,,2.5172413793103448,0.9655172413793104,50,49.0,174.0,80.0,28.0,0.20689655172413793,MID,3.097438143769228,3.0689054146473107,3.0693431732955205,0.0,0.0,0.092,0.018,0.11000000000000001,3.07856224390402
10,30,299,223827,2,197,4,1,12,34.0,0.3333333333333333,1.0,5.666666666666667,4.4,90.0,0.2,,0.2,1.752,4.56,0.84,45,47.0,4048.0,12064.0,38.0,0.20689655172413793,DEF,3.1371590717299336,3.142782936967011,2.9144937839023983,,,,,,3.0648119308664477
10,30,292,249231,2,185,4,1,20,40.0,0.3333333333333333,1.3333333333333333,0.6666666666666666,2.2,22.0,0.0,,0.0,0.76,2.925925925925926,0.48148148148148145,50,48.0,3422.0,2045.0,22.0,0.13333333333333333,DEF,3.1351331552411277,3.1239531888248897,2.9042696665843755,,,,,,3.054452003550131
10,30,298,218328,3,190,1,0,17,,,1.6666666666666667,1.3333333333333333,1.8,55.666666666666664,,,0.0,,3.3333333333333335,0.4666666666666667,55,53.0,195.0,163.0,28.0,0.20689655172413793,MID,3.061438492236643,3.0299812584275223,3.0680238807793003,0.0,0.0,0.074,0.146,0.21999999999999997,3.053147877147822
10,30,293,221466,2,184,10,0,19,46.0,0.6666666666666666,0.3333333333333333,6.666666666666667,4.8,90.0,0.4,,0.6,1.6939999999999997,4.5,1.0,45,50.0,85614.0,8653.0,32.0,0.10344827586206896,DEF,3.095055686598638,3.1460749156119636,2.8989460016654496,,,,,,3.0466922012920166
10,30,295,485337,3,188,3,1,15,,,1.6666666666666667,3.0,2.8,38.666666666666664,,,0.0,,2.1666666666666665,0.4444444444444444,65,62.0,86.0,200.0,37.0,0.13793103448275862,MID,3.040335881780386,3.0427181246938844,3.0114478213445084,0.2,0.2,0.066,0.064,0.13,3.031500609272926
10,30,291,111234,1,189,2,0,1,33.0,0.3333333333333333,1.6666666666666667,3.0,2.4,90.0,0.2,2.4,0.0,1.28,4.0344827586206895,1.0,55,56.0,21733.0,8432.0,59.0,0.4666666666666667,GK,2.9029453286476445,2.9491378924932246,3.233276376029365,,,,,,3.028453199056745
10,30,295,152551,3,188,3,1,15,,,1.6666666666666667,5.0,3.6,75.0,,,0.4,,2.217391304347826,0.5217391304347826,50,49.0,21.0,67.0,37.0,0.13793103448275862,MID,3.005103461008261,3.0122868818012516,3.0449646195478244,0.0,0.4,0.078,0.054000000000000006,0.13199999999999998,3.020784987452446
10,30,299,564406,4,197,1,1,12,,,1.0,3.6666666666666665,2.8,55.0,,,0.6,,2.176470588235294,0.47058823529411764,55,52.0,269.0,590.0,38.0,0.20689655172413793,FWD,3.000253679609918,2.9823086237397884,3.0718083304600774,0.2,0.0,0.244,0.018,0.262,3.0181235446032613
10,30,293,494521,2,184,11,0,19,46.0,0.6666666666666666,0.3333333333333333,6.0,5.4,90.0,0.4,,0.4,1.6939999999999997,3.689655172413793,1.0,45,46.0,26643.0,3301.0,32.0,0.10344827586206896,DEF,3.075760817061978,3.0896628262800476,2.88392936754079,,,,,,3.016451003627605
10,30,298,503301,3,196,1,1,11,,,1.0,2.3333333333333335,2.4,70.0,,,0.0,,2.727272727272727,0.5,55,54.0,44.0,92.0,40.0,0.1724137931034483,MID,3.0344496147904327,3.0299617853109053,2.984155175622568,0.0,0.2,0.027999999999999997,0.10799999999999998,0.136,3.0161888585746355
10,30,296,184254,1,198,3,0,5,46.0,0.0,1.0,0.6666666666666666,1.4,90.0,0.0,3.2,0.0,2.05,2.9310344827586206,1.0,50,47.0,1441.0,3128.0,48.0,0.3103448275862069,GK,2.9514638606551937,2.8508897541248395,3.2226290952667633,,,,,,3.0083275700155987
10,30,295,209400,3,188,1,1,15,,,1.6666666666666667,1.3333333333333333,1.4,73.0,,,0.0,,2.736842105263158,0.8947368421052632,50,50.0,41.0,69.0,37.0,0.13793103448275862,MID,2.990965008035782,3.006625316541211,2.995405813472534,0.0,0.0,0.10400000000000001,0.10600000000000001,0.21000000000000002,2.9976653793498422
10,30,298,169528,2,190,5,0,17,43.0,0.0,1.6666666666666667,1.0,1.4,72.66666666666667,0.0,,0.0,1.4440000000000002,2.6153846153846154,0.7692307692307693,50,49.0,6500.0,379.0,28.0,0.20689655172413793,DEF,3.0599132044237796,3.0515500222180085,2.868538940202595,,,,,,2.993334055614794
10,30,294,493105,3,187,2,1,9,,,2.0,2.6666666666666665,2.0,41.0,,,0.2,,2.7222222222222223,0.7222222222222222,65,64.0,561.0,463.0,42.0,0.2413793103448276,MID,2.9842159737069665,3.001084513690241,2.926492796196109,0.0,0.2,0.21000000000000002,0.18600000000000003,0.396,2.9705977611977725
10,30,293,174592,3,183,1,1,10,,,1.3333333333333333,3.0,2.6,76.0,,,0.0,,2.5294117647058822,0.5294117647058824,50,47.0,40.0,211.0,44.0,0.27586206896551724,MID,2.9779282623447005,2.9490541175906593,2.965280123216155,0.0,0.2,0.12600000000000003,0.062,0.188,2.9640875010505052
10,30,291,232928,3,189,4,0,1,,,1.6666666666666667,6.0,4.8,90.0,,,0.6,,4.448275862068965,1.0,50,52.0,14275.0,5435.0,59.0,0.4666666666666667,MID,2.9508420673611755,2.954514524460594,2.979981983227021,0.0,0.4,0.03200000000000001,0.304,0.336,2.9617795250162637
10,30,291,500040,2,181,1,1,8,22.0,0.3333333333333333,2.3333333333333335,3.3333333333333335,3.0,62.0,0.2,,0.0,0.868,2.2142857142857144,0.5,55,53.0,119.0,214.0,34.0,0.3448275862068966,DEF,3.0236376296993304,3.009276155237962,2.8451503742581754,,,,,,2.9593547197318224
10,30,298,159506,2,196,10,1,11,43.0,0.0,1.0,1.0,2.2,87.0,0.2,,0.2,1.616,2.923076923076923,1.0,50,47.0,3890.0,537.0,40.0,0.1724137931034483,DEF,3.027991502218703,2.9978639626107246,2.84936081109138,,,,,,2.958405425306936
10,30,296,171287,2,192,2,1,16,39.0,0.3333333333333333,2.3333333333333335,0.6666666666666666,0.6,33.666666666666664,0.0,,0.0,0.65,1.8666666666666667,0.3333333333333333,50,49.0,153.0,70.0,39.0,0.2413793103448276,DEF,2.9995401968070805,2.9846212981050972,2.8321576105972532,,,,,,2.93877303516981
10,30,298,215136,2,196,5,1,11,43.0,0.0,1.0,1.6666666666666667,2.2,78.0,0.2,,0.4,1.114,3.0,1.0,50,47.0,2392.0,804.0,40.0,0.1724137931034483,DEF,2.9957182233176725,2.967506601879304,2.8315127993332183,,,,,,2.9315792081767316
10,30,296,154566,4,198,2,0,5,,,1.0,3.3333333333333335,2.8,63.666666666666664,,,0.2,,3.1,0.6,75,72.0,2869.0,1234.0,48.0,0.3103448275862069,FWD,2.8594776419370986,2.8938872237138686,3.0282481155716354,0.2,0.0,0.248,0.012,0.258,2.9272043270742008
10,30,300,467189,1,199,3,1,2,54.0,0.6666666666666666,1.0,6.333333333333333,6.2,90.0,0.6,3.8,1.6,1.058,4.444444444444445,1.0,45,42.0,3818.0,435.0,59.0,0.41379310344827586,GK,2.8387570260477575,2.729697193730546,3.209495297127828,,,,,,2.9259831723020437
10,30,299,487676,2,197,2,1,12,34.0,0.3333333333333333,1.0,3.6666666666666665,2.8,90.0,0.2,,0.4,1.594,2.9310344827586206,0.9310344827586207,45,45.0,323.0,509.0,38.0,0.20689655172413793,DEF,2.973715975358966,2.9610361516246275,2.825373150800843,,,,,,2.9200417592614785
10,30,299,469142,2,186,9,0,13,36.0,0.3333333333333333,1.3333333333333333,5.0,4.4,90.0,0.4,,0.2,0.9339999999999999,3.962962962962963,1.0,45,44.0,28910.0,3285.0,30.0,0.3103448275862069,DEF,2.955698406924497,2.9424955187491575,2.8156599681465972,,,,,,2.9046179646067505
10,30,300,578153,2,193,2,0,18,27.0,0.3333333333333333,1.6666666666666667,1.0,1.8,29.333333333333332,0.2,,0.0,0.5900000000000001,2.357142857142857,0.5714285714285714,55,54.0,338.0,498.0,35.0,0.13793103448275862,DEF,2.9589705255211656,2.9452689820507234,2.8085000308522567,,,,,,2.9042465128080486
10,30,293,560262,4,184,2,0,19,,,0.3333333333333333,1.6666666666666667,1.6,61.333333333333336,,,0.0,,3.0,0.5416666666666666,45,47.0,3953.0,15101.0,32.0,0.10344827586206896,FWD,2.7882766243453654,2.838457830671905,3.0696989762260505,0.0,0.0,0.21000000000000002,0.06,0.27,2.8988111437477735
10,30,292,155511,4,200,5,0,7,,,1.3333333333333333,2.3333333333333335,3.0,70.33333333333333,,,0.0,,3.1666666666666665,1.3333333333333333,55,53.0,232.0,471.0,44.0,0.2413793103448276,FWD,2.750866857096347,2.8746880258569814,3.058598323267449,0.0,0.2,0.041999999999999996,0.05,0.092,2.894717735406926
10,30,299,577669,3,197,2,1,12,,,1.0,2.0,2.0,90.0,,,0.0,,2.4166666666666665,1.0,50,49.0,50.0,66.0,38.0,0.20689655172413793,MID,2.8915256396552573,2.8937128329918416,2.8829710253380183,0.0,0.0,0.009999999999999998,0.026000000000000002,0.036,2.889403165995039
10,30,295,242898,3,188,2,1,15,,,1.6666666666666667,2.0,1.6,31.0,,,0.0,,1.9615384615384615,0.46153846153846156,70,65.0,225.0,1301.0,37.0,0.13793103448275862,MID,2.878419833449622,2.87189117948307,2.9112778034346984,0.0,0.2,0.016,0.041999999999999996,0.057999999999999996,2.887196272122463
10,30,294,449434,3,195,1,0,6,,,1.6666666666666667,1.6666666666666667,1.6,71.66666666666667,,,0.0,,1.56,0.48,70,65.0,1472.0,621.0,53.0,0.3103448275862069,MID,2.9282383355418693,2.9051364665058528,2.8122998281747873,0.0,0.0,0.030000000000000006,0.22800000000000004,0.258,2.881891543407503
10,30,293,465527,3,183,2,1,10,,,1.3333333333333333,4.333333333333333,5.0,81.33333333333333,,,0.8,,2.3333333333333335,0.47619047619047616,50,47.0,335.0,487.0,44.0,0.27586206896551724,MID,2.8426018559705954,2.8323302305026603,2.9698777819424715,0.2,0.4,0.041999999999999996,0.094,0.136,2.8816032894719092
10,30,291,444145,3,181,4,1,8,,,2.3333333333333335,1.0,1.8,35.666666666666664,,,0.0,,1.9166666666666667,0.4166666666666667,70,68.0,281.0,1084.0,34.0,0.3448275862068966,MID,2.90503264808625,2.8755067272385384,2.8498660615687976,0.0,0.0,0.294,0.04999999999999999,0.344,2.876801812297862
10,30,300,248875,3,193,1,0,18,,,1.6666666666666667,1.3333333333333333,2.6,36.0,,,0.6,,3.4761904761904763,0.6190476190476191,65,64.0,896.0,1276.0,35.0,0.13793103448275862,MID,2.8392625651666394,2.8465666070172095,2.9443836273954607,0.0,0.2,0.03,0.11599999999999999,0.146,2.8767375998597697
10,30,293,551483,2,184,1,0,19,46.0,0.6666666666666666,0.3333333333333333,5.333333333333333,3.6,89.33333333333333,0.4,,0.4,1.6760000000000002,2.52,0.84,45,45.0,443.0,1078.0,32.0,0.10344827586206896,DEF,2.876422588935539,2.888784025033076,2.778497905299308,,,,,,2.847901506422641
10,30,299,509416,3,186,1,0,13,,,1.3333333333333333,5.666666666666667,6.8,64.0,,,1.0,,3.772727272727273,0.8181818181818182,50,48.0,193.0,827.0,30.0,0.3103448275862069,MID,2.8366876128879746,2.815911243544833,2.8632701339324016,0.4,0.4,0.05,0.08600000000000001,0.13599999999999998,2.8386229967884034
10,30,291,219847,4,181,2,1,8,,,2.3333333333333335,2.3333333333333335,2.0,37.0,,,0.0,,2.0,0.4,75,73.0,418.0,1040.0,34.0,0.3448275862068966,FWD,2.7399054139294634,2.8117399910775425,2.949597094225787,0.0,0.2,0.062,0.012,0.074,2.8337474997442644
10,30,293,489888,3,184,1,0,19,,,0.3333333333333333,1.6666666666666667,3.4,30.0,,,0.6,,2.4,0.36,55,54.0,83.0,2955.0,32.0,0.10344827586206896,MID,2.8143458777229458,2.7904841990572193,2.8796135645459957,0.2,0.0,0.17,0.184,0.35400000000000004,2.8281478804420535
10,30,297,98980,1,182,2,0,3,34.0,0.0,0.6666666666666666,1.6666666666666667,3.8,90.0,0.2,3.4,0.8,1.6740000000000002,3.88,1.0,50,51.0,22657.0,3773.0,51.0,0.1724137931034483,GK,2.5702545681234867,2.7005180974976826,3.2063331198576046,,,,,,2.8257019284929243
10,30,294,482609,2,187,1,1,9,34.0,0.0,2.0,4.0,2.8,56.0,0.2,,0.0,0.632,3.423076923076923,0.6923076923076923,50,49.0,3661.0,1809.0,42.0,0.2413793103448276,DEF,2.852236717228099,2.84673233118443,2.75687877761331,,,,,,2.8186159420086128
10,30,299,201895,2,197,2,1,12,34.0,0.3333333333333333,1.0,4.0,3.0,90.0,0.2,,0.0,1.722,4.0,0.96,40,41.0,5139.0,5518.0,38.0,0.20689655172413793,DEF,2.8383907913165807,2.8282958488844065,2.756513966481777,,,,,,2.807733535560921
10,30,295,486520,3,191,1,0,14,,,0.3333333333333333,2.0,3.8,75.0,,,0.6,,2.65,0.75,50,47.0,68.0,346.0,33.0,0.3448275862068966,MID,2.78865833687624,2.7651335795187224,2.836163486637777,0.0,0.4,0.074,0.10600000000000001,0.18,2.7966518010109134
10,30,299,231416,2,186,8,0,13,36.0,0.3333333333333333,1.3333333333333333,3.6666666666666665,3.0,90.0,0.2,,0.0,0.9760000000000002,2.7142857142857144,0.8928571428571429,45,44.0,1443.0,537.0,30.0,0.3103448275862069,DEF,2.821108997381132,2.806101868774573,2.7451398338810926,,,,,,2.7907835666789325
10,30,296,547701,3,198,2,0,5,,,1.0,3.6666666666666665,4.6,90.0,,,0.6,,2.789473684210526,0.7894736842105263,50,48.0,374.0,208.0,48.0,0.3103448275862069,MID,2.7637562055032987,2.768038524345048,2.832805579502509,0.2,0.4,0.124,0.22199999999999998,0.346,2.7882001031169517
10,30,293,463981,2,184,8,0,19,46.0,0.6666666666666666,0.3333333333333333,5.333333333333333,6.4,90.0,0.4,,0.4,1.6940000000000002,3.75,0.65,40,42.0,9972.0,5701.0,32.0,0.10344827586206896,DEF,2.794576622876926,2.8152814101586072,2.7393482818347303,,,,,,2.7830687716234213
10,30,292,56979,3,185,2,1,20,,,1.3333333333333333,2.0,1.6,48.333333333333336,,,0.0,,2.5185185185185186,0.7037037037037037,50,50.0,191.0,283.0,22.0,0.13333333333333333,MID,2.747036688737825,2.7557000161467133,2.843303095618655,0.0,0.0,0.0,0.014000000000000002,0.014000000000000002,2.7820132668343978
10,30,292,509291,3,200,2,0,7,,,1.3333333333333333,6.666666666666667,4.8,89.33333333333333,,,0.6,,2.75,0.8214285714285714,55,52.0,236.0,538.0,44.0,0.2413793103448276,MID,2.7671499444489127,2.7361876026902165,2.811510343978039,0.2,0.0,0.038,0.018,0.05600000000000001,2.7716159637057225
10,30,299,83299,2,186,11,0,13,36.0,0.3333333333333333,1.3333333333333333,3.0,3.4,90.0,0.2,,0.0,1.122,2.5925925925925926,0.9629629629629629,45,45.0,2809.0,520.0,30.0,0.3103448275862069,DEF,2.7858449505898566,2.77949527313713,2.7284473403934633,,,,,,2.764595854706817
10,30,295,222694,2,191,8,0,14,48.0,0.0,0.3333333333333333,2.0,2.4,90.0,0.0,,0.0,1.568,3.076923076923077,0.9615384615384616,45,43.0,1641.0,359.0,33.0,0.3448275862068966,DEF,2.7772718178284053,2.7494325938845074,2.7194172678322834,,,,,,2.748707226515066
10,30,295,488024,3,188,1,1,15,,,1.6666666666666667,1.6666666666666667,1.4,33.0,,,0.0,,2.5,0.8076923076923077,60,58.0,69.0,565.0,37.0,0.13793103448275862,MID,2.7069732851458177,2.7062266085400175,2.820489282474746,0.0,0.0,0.07200000000000001,0.052000000000000025,0.12400000000000003,2.744563058720194
10,30,293,435973,4,183,2,1,10,,,1.3333333333333333,1.0,1.2,50.666666666666664,,,0.0,,2.2857142857142856,0.6190476190476191,50,49.0,319.0,709.0,44.0,0.27586206896551724,FWD,2.683819134844027,2.618912423650316,2.911539117420691,0.0,0.0,0.142,0.008,0.15000000000000002,2.7380902253050112
10,30,296,247693,4,198,4,0,5,,,1.0,3.0,2.2,55.333333333333336,,,0.2,,1.7619047619047619,0.7142857142857143,70,69.0,492.0,402.0,48.0,0.3103448275862069,FWD,2.646256268163616,2.662876566703991,2.8846124798848343,0.2,0.0,0.06599999999999999,0.03800000000000001,0.10400000000000001,2.7312484382508138
10,30,299,247955,2,197,2,1,12,34.0,0.3333333333333333,1.0,2.0,1.6,74.0,0.0,,0.0,0.9719999999999999,1.7826086956521738,0.5217391304347826,45,45.0,93.0,58.0,38.0,0.20689655172413793,DEF,2.7365945033747012,2.723809826215624,2.699665239257787,,,,,,2.7200231896160374
10,30,294,487838,2,195,5,0,6,43.0,0.0,1.6666666666666667,3.3333333333333335,2.2,90.0,0.0,,0.0,1.4140000000000001,3.0,0.7727272727272727,55,53.0,62498.0,1510.0,53.0,0.3103448275862069,DEF,2.738243022781088,2.7167093243142175,2.6939931393298195,,,,,,2.7163151621417083
10,30,294,470313,4,195,2,0,6,,,1.6666666666666667,1.0,1.0,38.666666666666664,,,0.0,,3.44,0.76,70,67.0,4692.0,5781.0,53.0,0.3103448275862069,FWD,2.6888969406052743,2.5556630569303973,2.8811828554640795,0.0,0.0,0.012,0.008,0.02,2.708580950999917
10,30,299,467779,3,186,5,0,13,,,1.3333333333333333,2.3333333333333335,1.8,70.0,,,0.0,,3.4210526315789473,0.8421052631578947,50,49.0,96.0,58.0,30.0,0.3103448275862069,MID,2.6449219363250425,2.643466603513124,2.813156908398885,0.0,0.0,0.082,0.018,0.09999999999999998,2.7005151494123503
10,30,292,647671,4,200,1,0,7,,,1.3333333333333333,2.0,2.8,83.0,,,0.0,,2.9473684210526314,0.7894736842105263,45,45.0,1550.0,10827.0,44.0,0.2413793103448276,FWD,2.4869038368433123,2.697766897159695,2.9138222480692075,0.0,0.0,0.094,0.07400000000000001,0.168,2.6994976606907386
10,30,296,493362,3,198,1,0,5,,,1.0,1.3333333333333333,1.4,54.333333333333336,,,0.0,,2.739130434782609,0.7391304347826086,70,65.0,1069.0,1204.0,48.0,0.3103448275862069,MID,2.701576378857715,2.6828097188868276,2.700065745069359,0.0,0.0,0.082,0.12800000000000003,0.21000000000000002,2.694817280937967
10,30,298,212314,3,190,1,0,17,,,1.6666666666666667,1.6666666666666667,2.8,57.333333333333336,,,0.2,,2.6315789473684212,0.7894736842105263,50,49.0,382.0,350.0,28.0,0.20689655172413793,MID,2.645536191741467,2.6317119796649573,2.7862653423590493,0.0,0.2,0.066,0.062,0.128,2.6878378379218244
10,30,297,516895,3,194,4,1,4,,,1.3333333333333333,2.3333333333333335,3.0,85.0,,,0.0,,1.95,0.4,50,46.0,1323.0,3246.0,39.0,0.27586206896551724,MID,2.6685084960790424,2.6194182354520374,2.7754300324072307,0.0,0.2,0.014000000000000002,0.08,0.094,2.687785587979437
10,30,292,508395,3,185,1,1,20,,,1.3333333333333333,0.6666666666666666,1.0,48.0,,,0.0,,2.6206896551724137,0.7931034482758621,50,50.0,51.0,128.0,22.0,0.13333333333333333,MID,2.6112706307397437,2.638167061408708,2.785844593324691,0.0,0.0,0.0,0.012,0.012,2.6784274284910476
10,30,296,206915,3,192,1,1,16,,,2.3333333333333335,1.6666666666666667,1.4,47.333333333333336,,,0.0,,1.88,0.44,55,54.0,73.0,126.0,39.0,0.2413793103448276,MID,2.6484001008695612,2.652471360750086,2.716085824783319,0.0,0.0,0.07399999999999998,0.026000000000000023,0.1,2.6723190954676554
10,30,299,514254,3,186,4,0,13,,,1.3333333333333333,6.666666666666667,4.6,78.66666666666667,,,0.8,,3.0384615384615383,0.8076923076923077,50,49.0,5651.0,1113.0,30.0,0.3103448275862069,MID,2.589280359913028,2.6235188346203024,2.793176101550436,0.4,0.0,0.041999999999999996,0.02400000000000001,0.066,2.668658432027922
10,30,293,101178,3,183,5,1,10,,,1.3333333333333333,2.3333333333333335,2.0,46.666666666666664,,,0.0,,2.111111111111111,0.6666666666666666,60,56.0,313.0,102.0,44.0,0.27586206896551724,MID,2.6459110583483687,2.6373313924832598,2.7126491669155097,0.0,0.2,0.004,0.08600000000000001,0.09,2.6652972059157127
10,30,291,466075,2,181,6,1,8,22.0,0.3333333333333333,2.3333333333333335,1.6666666666666667,2.4,15.333333333333334,0.2,,0.0,0.276,4.238095238095238,0.8095238095238095,55,56.0,1326.0,2491.0,34.0,0.3448275862068966,DEF,2.6299054692466033,2.6481565949796,2.6406137056627705,,,,,,2.6395585899629914
10,30,300,433036,3,193,1,0,18,,,1.6666666666666667,1.0,1.4,23.666666666666668,,,0.0,,3.4,0.68,55,50.0,500.0,6854.0,35.0,0.13793103448275862,MID,2.5709439009473516,2.5282661086011773,2.8057088795548757,0.0,0.0,0.062,0.074,0.136,2.634972963034468
10,30,299,549912,3,197,2,1,12,,,1.0,1.6666666666666667,2.8,47.0,,,0.0,,3.0952380952380953,0.5714285714285714,50,49.0,69.0,97.0,38.0,0.20689655172413793,MID,2.5971424076088026,2.5821864270725503,2.7156787111915275,0.2,0.0,0.03,0.02,0.05,2.631669181957627
10,30,295,226182,2,191,1,0,14,48.0,0.0,0.3333333333333333,1.6666666666666667,3.4,82.66666666666667,0.0,,0.0,1.7380000000000002,2.5925925925925926,0.9629629629629629,45,44.0,333.0,316.0,33.0,0.3448275862068966,DEF,2.625645457488528,2.6123902079434735,2.642183817541735,,,,,,2.626739827657912
10,30,294,465642,2,195,9,0,6,43.0,0.0,1.6666666666666667,2.6666666666666665,4.0,90.0,0.0,,0.2,1.72,4.038461538461538,0.9615384615384616,50,50.0,110100.0,1840.0,53.0,0.3103448275862069,DEF,2.613874847227973,2.598334741917114,2.6318426221607383,,,,,,2.6146840704352754
10,30,298,477555,3,190,3,0,17,,,1.6666666666666667,2.3333333333333335,1.8,49.333333333333336,,,0.0,,1.9285714285714286,0.42857142857142855,55,51.0,305.0,148.0,28.0,0.20689655172413793,MID,2.5630359925337425,2.555759537198228,2.716566425512068,0.0,0.2,0.02,0.06999999999999999,0.09,2.6117873184146796
10,30,293,503714,3,183,1,1,10,,,1.3333333333333333,1.3333333333333333,2.6,61.0,,,0.0,,2.892857142857143,0.7857142857142857,50,50.0,94.0,179.0,44.0,0.27586206896551724,MID,2.5645928489433336,2.559932560585535,2.677351723721063,0.0,0.2,0.034,0.006,0.039999999999999994,2.6006257110833104
10,30,299,84450,3,197,1,1,12,,,1.0,1.3333333333333333,1.6,43.0,,,0.0,,3.76,0.92,50,51.0,1044.0,2812.0,38.0,0.20689655172413793,MID,2.5210420184246107,2.5341339890133656,2.701195784832796,0.0,0.0,0.012,0.062,0.074,2.5854572640902576
10,30,292,448089,3,200,7,0,7,,,1.3333333333333333,6.0,5.6,61.0,,,0.6,,3.103448275862069,0.896551724137931,55,53.0,757.0,2195.0,44.0,0.2413793103448276,MID,2.567824719008841,2.527081357887547,2.647592131078844,0.2,0.2,0.06399999999999999,0.008,0.072,2.580832735991744
10,30,294,551210,2,187,1,1,9,34.0,0.0,2.0,0.6666666666666666,0.6,58.0,0.0,,0.0,0.792,0.7142857142857143,0.35714285714285715,50,46.0,97.0,141.0,42.0,0.2413793103448276,DEF,2.5823832592816034,2.5464991305824145,2.611333044983538,,,,,,2.5800718116158516
10,30,293,440323,4,183,1,1,10,,,1.3333333333333333,1.3333333333333333,1.6,35.333333333333336,,,0.0,,2.0,0.42105263157894735,55,52.0,50.0,127.0,44.0,0.27586206896551724,FWD,2.4522290506822118,2.489689674679851,2.7949432339864386,0.0,0.0,0.044,0.006000000000000001,0.05,2.5789539864495006
10,30,294,180974,3,195,1,0,6,,,1.6666666666666667,2.0,1.8,70.0,,,0.0,,2.8181818181818183,0.8636363636363636,60,59.0,1004.0,346.0,53.0,0.3103448275862069,MID,2.523544222719539,2.5538892560969013,2.655478477407594,0.0,0.2,0.156,0.048,0.20400000000000001,2.5776373187413446
10,30,294,444463,2,187,3,1,9,34.0,0.0,2.0,0.6666666666666666,1.6,53.333333333333336,0.0,,0.0,0.484,2.9411764705882355,0.7058823529411765,45,44.0,376.0,311.0,42.0,0.2413793103448276,DEF,2.5551650289523007,2.5320646517696446,2.6014828815854085,,,,,,2.5629041874357843
10,30,293,494960,2,183,6,1,10,58.0,0.0,1.3333333333333333,3.0,2.2,90.0,0.0,,0.0,1.932,3.066666666666667,1.0,40,40.0,11373.0,16484.0,44.0,0.27586206896551724,DEF,2.540294191393733,2.543384578445494,2.6023069558903216,,,,,,2.5619952419098495
10,30,299,15157,3,186,3,0,13,,,1.3333333333333333,2.3333333333333335,1.8,80.66666666666667,,,0.0,,1.7058823529411764,0.23529411764705882,50,49.0,95.0,67.0,30.0,0.3103448275862069,MID,2.5008096776037996,2.50045256641869,2.6662299476961313,0.0,0.0,0.022,0.02,0.042,2.5558307305728736
10,30,292,149065,1,200,0,0,7,52.0,0.3333333333333333,1.3333333333333333,4.333333333333333,7.8,90.0,0.6,7.0,1.4,2.7359999999999998,3.8333333333333335,1.1111111111111112,45,42.0,216.0,2833.0,44.0,0.2413793103448276,GK,2.1752485371925685,2.29840651843777,3.1627557559375816,,,,,,2.54547027052264
10,30,293,58621,2,183,6,1,10,58.0,0.0,1.3333333333333333,1.6666666666666667,1.2,75.0,0.0,,0.0,1.38,2.037037037037037,1.0,45,44.0,721.0,430.0,44.0,0.27586206896551724,DEF,2.519760728283576,2.5228241870424655,2.5891223314555005,,,,,,2.543902415593847
10,30,295,214225,2,191,8,0,14,48.0,0.0,0.3333333333333333,2.6666666666666665,3.0,88.66666666666667,0.0,,0.0,1.7559999999999998,3.1481481481481484,1.0,40,39.0,7849.0,1813.0,33.0,0.3448275862068966,DEF,2.528929763105667,2.5094084414173774,2.5926269823280346,,,,,,2.5436550622836926
10,30,293,477717,2,183,6,1,10,58.0,0.0,1.3333333333333333,1.0,1.4,90.0,0.0,,0.0,1.672,2.3076923076923075,1.0,40,39.0,1944.0,2734.0,44.0,0.27586206896551724,DEF,2.462091298560443,2.453002483762139,2.560626343117712,,,,,,2.4919067084800983
10,30,291,433154,3,189,3,0,1,,,1.6666666666666667,4.0,3.8,70.33333333333333,,,0.2,,2.5,0.5625,60,55.0,329.0,101.0,59.0,0.4666666666666667,MID,2.447890820432955,2.408597434050216,2.57309158532801,0.0,0.4,0.068,0.04,0.10800000000000001,2.476526613270394
10,30,294,78916,2,195,1,0,6,43.0,0.0,1.6666666666666667,1.3333333333333333,1.2,90.0,0.0,,0.0,1.3900000000000001,3.5238095238095237,0.9523809523809523,50,50.0,7487.0,1211.0,53.0,0.3103448275862069,DEF,2.443652498186376,2.4333938978511354,2.5461985375339395,,,,,,2.4744149778571503
10,30,297,449871,3,182,2,0,3,,,0.6666666666666666,2.0,2.6,80.0,,,0.0,,3.2,0.85,50,48.0,580.0,654.0,51.0,0.1724137931034483,MID,2.4172544203671773,2.380965414008003,2.5958613314356582,0.0,0.0,0.126,0.014000000000000002,0.13999999999999999,2.4646937219369462
10,30,293,461188,2,183,6,1,10,58.0,0.0,1.3333333333333333,1.0,1.4,87.33333333333333,0.0,,0.0,1.658,2.5384615384615383,0.8461538461538461,40,39.0,187.0,168.0,44.0,0.27586206896551724,DEF,2.4200227428645245,2.4129872381397415,2.538908140644549,,,,,,2.457306040549605
10,30,293,158499,3,184,5,0,19,,,0.3333333333333333,1.3333333333333333,1.4,41.666666666666664,,,0.0,,1.4736842105263157,0.15789473684210525,50,49.0,126.0,42.0,32.0,0.10344827586206896,MID,2.3635668639604432,2.3612080857834954,2.596822356726862,0.0,0.0,0.07199999999999998,0.034,0.10600000000000001,2.4405324354902667
10,30,296,482442,3,198,4,0,5,,,1.0,2.0,3.2,70.66666666666667,,,0.4,,2.95,0.55,50,45.0,1401.0,1328.0,48.0,0.3103448275862069,MID,2.3851603223754805,2.332251374934702,2.543268401156928,0.0,0.2,0.074,0.10200000000000001,0.176,2.420226699489037
10,30,291,80801,3,189,4,0,1,,,1.6666666666666667,2.3333333333333335,2.0,88.66666666666667,,,0.0,,3.1,1.0,55,54.0,167.0,88.0,59.0,0.4666666666666667,MID,2.3469911517200797,2.355822980885455,2.549205406190829,0.0,0.0,0.05799999999999998,0.04,0.098,2.4173398462654547
10,30,296,511499,3,198,2,0,5,,,1.0,1.3333333333333333,1.2,43.333333333333336,,,0.0,,2.3636363636363638,0.3181818181818182,65,62.0,342.0,132.0,48.0,0.3103448275862069,MID,2.3645252664978136,2.3591778058799155,2.5222361605626,0.0,0.0,0.156,0.09,0.24600000000000005,2.4153130776467764
10,30,297,122806,3,182,2,0,3,,,0.6666666666666666,6.333333333333333,4.2,57.0,,,0.6,,3.227272727272727,0.9545454545454546,55,54.0,23696.0,12422.0,51.0,0.1724137931034483,MID,2.3265058145942876,2.360062313280885,2.5505418410568232,0.4,0.0,0.27599999999999997,0.044000000000000004,0.31999999999999995,2.4123699896439987
10,30,298,210156,4,196,1,1,11,,,1.0,2.6666666666666665,2.0,13.333333333333334,,,0.2,,1.5,0.1,55,52.0,109.0,155.0,40.0,0.1724137931034483,FWD,2.266403753052742,2.2751959939978135,2.6659743027274985,0.2,0.0,0.17200000000000001,0.072,0.244,2.4025246832593514
10,30,297,493250,3,194,2,1,4,,,1.3333333333333333,1.0,1.4,28.666666666666668,,,0.0,,3.0434782608695654,0.8695652173913043,65,62.0,1313.0,2916.0,39.0,0.27586206896551724,MID,2.340992676922678,2.332297640009139,2.5335323967395844,0.0,0.0,0.05,0.07999999999999999,0.13000000000000006,2.402274237890467
10,30,294,201666,3,195,3,0,6,,,1.6666666666666667,0.6666666666666666,1.2,36.333333333333336,,,0.0,,2.7857142857142856,0.5357142857142857,65,61.0,6187.0,1584.0,53.0,0.3103448275862069,MID,2.3319736786591214,2.313821109193343,2.5122792623012447,0.0,0.0,0.194,0.041999999999999996,0.236,2.3860246833845697
10,30,294,463034,4,187,1,1,9,,,2.0,1.0,1.0,6.333333333333333,,,0.0,,1.8,0.45,65,62.0,192.0,393.0,42.0,0.2413793103448276,FWD,2.21948454577922,2.236288438161023,2.668923651714593,0.0,0.0,0.064,0.0,0.06200000000000001,2.374898878551612
10,30,296,223541,3,192,1,1,16,,,2.3333333333333335,1.0,1.0,8.666666666666666,,,0.0,,1.5714285714285714,0.047619047619047616,65,63.0,26.0,121.0,39.0,0.2413793103448276,MID,2.329208639188694,2.3302242619812734,2.4522580290054403,0.0,0.0,0.024,0.004,0.027999999999999997,2.3705636433918027
10,30,297,95658,2,194,1,1,4,40.0,0.3333333333333333,1.3333333333333333,3.3333333333333335,3.6,88.0,0.4,,0.0,0.9039999999999999,3.875,0.75,45,44.0,4320.0,2144.0,39.0,0.27586206896551724,DEF,2.3004992255562717,2.310935935043123,2.4787681589914525,,,,,,2.3634011065302825
10,30,298,244042,4,190,1,0,17,,,1.6666666666666667,1.0,1.0,24.0,,,0.0,,1.8333333333333333,0.3333333333333333,55,53.0,448.0,271.0,28.0,0.20689655172413793,FWD,2.2168311414871127,2.1924803805901756,2.657835636259422,0.0,0.0,0.062,0.004,0.066,2.3557157194455702
10,30,293,208912,2,183,1,1,10,58.0,0.0,1.3333333333333333,3.0,2.8,78.66666666666667,0.0,,0.0,1.652,1.9,0.5,40,38.0,668.0,302.0,44.0,0.27586206896551724,DEF,2.2962371526093346,2.2924583584035725,2.4739092266543445,,,,,,2.3542015792224174
10,30,298,456512,3,196,1,1,11,,,1.0,1.0,1.0,19.0,,,0.0,,2.238095238095238,0.6666666666666666,60,55.0,37.0,194.0,40.0,0.1724137931034483,MID,2.284559769081579,2.2679643328186367,2.5057963605030205,0.0,0.0,0.054000000000000006,0.05800000000000001,0.11200000000000002,2.3527734874677457
10,30,295,220627,2,191,6,0,14,48.0,0.0,0.3333333333333333,2.0,2.6,83.0,0.0,,0.4,1.7559999999999998,2.45,0.6,40,39.0,1035.0,906.0,33.0,0.3448275862068966,DEF,2.28684298438741,2.275984836841682,2.4680869825298024,,,,,,2.3436382679196317
10,30,295,174594,4,191,1,0,14,,,0.3333333333333333,1.0,4.2,23.333333333333332,,,0.8,,2.739130434782609,0.30434782608695654,50,50.0,610.0,916.0,33.0,0.3448275862068966,FWD,2.1729915051477366,2.2222710899928537,2.6090202404483938,0.4,0.2,0.33599999999999997,0.11200000000000002,0.44800000000000006,2.334760945196328
10,30,299,592031,3,186,9,0,13,,,1.3333333333333333,1.0,1.0,24.333333333333332,,,0.0,,3.4,0.72,60,55.0,3732.0,960.0,30.0,0.3103448275862069,MID,2.223229534707265,2.206989080513733,2.566672604560735,0.0,0.0,0.018,0.004,0.022,2.3322970732605772
10,30,300,530335,4,199,2,1,2,,,1.0,1.6666666666666667,1.6,48.333333333333336,,,0.0,,1.6,0.6,55,54.0,44.0,12.0,59.0,0.41379310344827586,FWD,2.1122606784194717,2.205771497826321,2.6774504280514306,0.0,0.0,0.06799999999999999,0.014000000000000002,0.08199999999999999,2.331827534765741
10,30,295,243526,2,191,-2,0,14,48.0,0.0,0.3333333333333333,1.6666666666666667,1.4,72.66666666666667,0.0,,0.0,1.6059999999999999,2.1785714285714284,0.9642857142857143,40,38.0,851.0,14585.0,33.0,0.3448275862068966,DEF,2.222674481161193,2.202097532065454,2.4325820477482716,,,,,,2.2857846869916396
10,30,297,550864,2,194,3,1,4,40.0,0.3333333333333333,1.3333333333333333,3.0,2.2,90.0,0.2,,0.0,0.808,1.7692307692307692,0.5769230769230769,45,41.0,1607.0,671.0,39.0,0.27586206896551724,DEF,2.213278233441948,2.194621791521013,2.4286690938106044,,,,,,2.278856372924522
10,30,293,549329,2,183,1,1,10,58.0,0.0,1.3333333333333333,0.6666666666666666,0.8,75.0,0.0,,0.0,1.3439999999999999,1.2857142857142858,0.8571428571428571,40,38.0,102.0,358.0,44.0,0.27586206896551724,DEF,2.204830344771204,2.1955177174449436,2.4263708541391495,,,,,,2.2755729721184323
10,30,296,212319,4,198,9,0,5,,,1.0,2.3333333333333335,2.0,23.333333333333332,,,0.2,,3.4166666666666665,0.5416666666666666,65,63.0,12611.0,1056.0,48.0,0.3103448275862069,FWD,2.116124688785758,2.084555861194932,2.57224247247735,0.2,0.0,0.22200000000000003,0.02000000000000001,0.242,2.2576410074860136
10,30,298,250199,3,196,1,1,11,,,1.0,1.3333333333333333,1.6,43.0,,,0.0,,2.0,0.7222222222222222,50,50.0,20.0,43.0,40.0,0.1724137931034483,MID,2.1696381457594773,2.1807428606577672,2.41223879111415,0.0,0.0,0.04,0.012,0.052000000000000005,2.2542065991771314
10,30,300,613804,2,199,2,1,2,54.0,0.6666666666666666,1.0,6.0,6.6,89.66666666666667,0.8,,0.4,0.9040000000000001,3.4347826086956523,0.9130434782608695,45,40.0,6582.0,1786.0,59.0,0.41379310344827586,DEF,2.178137039480812,2.156961673975838,2.409926031947636,,,,,,2.2483415818014287
10,30,297,230046,3,182,1,0,3,,,0.6666666666666666,3.3333333333333335,3.0,69.0,,,0.0,,2.0,0.7857142857142857,50,49.0,350.0,249.0,51.0,0.1724137931034483,MID,2.141194789160168,2.1478123808957883,2.422663934394513,0.2,0.0,0.054000000000000006,0.10600000000000001,0.16,2.2372237014834897
10,30,297,195546,3,182,3,0,3,,,0.6666666666666666,1.3333333333333333,1.2,68.33333333333333,,,0.0,,2.925925925925926,0.6296296296296297,55,53.0,502.0,1480.0,51.0,0.1724137931034483,MID,2.1263478086569005,2.142651100169279,2.429782335974819,0.0,0.0,0.04,0.06799999999999999,0.10800000000000001,2.232927081600333
10,30,294,232653,3,195,3,0,6,,,1.6666666666666667,3.3333333333333335,3.6,60.0,,,0.2,,1.7894736842105263,0.47368421052631576,55,53.0,750.0,247.0,53.0,0.3103448275862069,MID,2.1085313991295043,2.149052312029149,2.440608331220389,0.4,0.2,0.10800000000000001,0.038,0.146,2.232730680793014
10,30,296,441164,2,198,2,0,5,46.0,0.0,1.0,0.6666666666666666,1.2,69.33333333333333,0.0,,0.0,1.6460000000000001,3.2,0.92,55,51.0,7569.0,1947.0,48.0,0.3103448275862069,DEF,2.1584249276408216,2.137629344730411,2.39380917024105,,,,,,2.229954480870761
10,30,292,431248,2,200,0,0,7,52.0,0.3333333333333333,1.3333333333333333,4.0,4.4,110.0,0.4,,0.0,2.434,2.9565217391304346,1.0434782608695652,45,45.0,78.0,257.0,44.0,0.2413793103448276,DEF,2.120698442079518,2.151497359098243,2.391208097990906,,,,,,2.2211346330562223
10,30,292,231057,3,200,5,0,7,,,1.3333333333333333,2.0,1.6,65.33333333333333,,,0.0,,1.6666666666666667,0.6190476190476191,55,51.0,33.0,52.0,44.0,0.2413793103448276,MID,2.140259945217974,2.1294521033375373,2.3873871704719782,0.0,0.0,0.06999999999999998,0.010000000000000004,0.07999999999999999,2.219033073009163
10,30,294,220237,2,195,10,0,6,43.0,0.0,1.6666666666666667,3.3333333333333335,3.6,60.333333333333336,0.2,,0.0,1.018,3.375,0.75,50,49.0,3284.0,125.0,53.0,0.3103448275862069,DEF,2.1286754992405426,2.1320570692965393,2.3834224523471796,,,,,,2.2147183402947537
10,30,294,441191,2,195,6,0,6,43.0,0.0,1.6666666666666667,1.3333333333333333,1.6,54.0,0.0,,0.0,0.648,3.769230769230769,0.8461538461538461,50,49.0,4799.0,5069.0,53.0,0.3103448275862069,DEF,2.134367410578221,2.123954417295973,2.3838135402180294,,,,,,2.214045122697408
10,30,296,611922,3,192,3,1,16,,,2.3333333333333335,1.0,1.0,17.333333333333332,,,0.0,,1.4545454545454546,0.0,45,43.0,1854.0,1488.0,39.0,0.2413793103448276,MID,2.151676256666956,2.136895469730228,2.3478549654872567,0.0,0.0,0.04,0.182,0.22199999999999998,2.2121422306281464
10,30,291,224967,2,189,1,0,1,33.0,0.3333333333333333,1.6666666666666667,3.3333333333333335,2.8,90.0,0.2,,0.0,1.256,3.1666666666666665,1.0,50,49.0,813.0,615.0,59.0,0.4666666666666667,DEF,2.1336936400150925,2.1132713482443934,2.384628498691388,,,,,,2.210531162316958
10,30,293,111317,3,184,1,0,19,,,0.3333333333333333,0.6666666666666666,1.4,26.333333333333332,,,0.0,,2.0,0.5217391304347826,50,50.0,94.0,127.0,32.0,0.10344827586206896,MID,2.0672035008831515,2.099326713238287,2.4536914595726986,0.0,0.2,0.038,0.01399999999999998,0.052000000000000046,2.206740557898046
10,30,292,200641,3,185,1,1,20,,,1.3333333333333333,1.0,1.0,6.333333333333333,,,0.0,,1.0,0.0,50,48.0,235.0,184.0,22.0,0.13333333333333333,MID,2.1210991228406115,2.110672207493816,2.3638062022255255,0.0,0.0,0.11000000000000001,0.008,0.11800000000000002,2.198525844186651
10,30,295,108413,3,188,0,1,15,,,1.6666666666666667,0.6666666666666666,1.0,25.333333333333332,,,0.0,,1.5,0.5384615384615384,50,47.0,21.0,184.0,37.0,0.13793103448275862,MID,2.1172346887692717,2.112884459550191,2.3598190725792128,0.0,0.0,0.018,0.08399999999999999,0.10200000000000001,2.1966460736328917
10,30,300,214590,2,199,2,1,2,54.0,0.6666666666666666,1.0,4.333333333333333,4.6,90.0,0.6,,0.0,1.058,3.05,0.95,45,41.0,2574.0,1654.0,59.0,0.41379310344827586,DEF,2.1099477440857695,2.0915013517287235,2.3758834731157603,,,,,,2.1924441896434175
10,30,293,167887,3,183,3,1,10,,,1.3333333333333333,1.0,1.0,46.666666666666664,,,0.0,,1.8461538461538463,0.5384615384615384,50,48.0,28.0,47.0,44.0,0.27586206896551724,MID,2.0930108048122884,2.105929970188111,2.3640846428784403,0.0,0.0,0.034,0.034,0.06799999999999999,2.1876751392929465
10,30,297,216051,2,194,2,1,4,40.0,0.3333333333333333,1.3333333333333333,3.0,4.4,69.66666666666667,0.4,,0.8,0.6379999999999999,3.5185185185185186,0.8518518518518519,45,46.0,10482.0,6474.0,39.0,0.27586206896551724,DEF,2.045181460749198,2.0804940064613655,2.3501643200983655,,,,,,2.1586132624363095
10,30,300,220362,2,199,2,1,2,54.0,0.6666666666666666,1.0,3.3333333333333335,3.6,90.0,0.6,,0.0,1.058,3.6,1.0,45,45.0,663.0,260.0,59.0,0.41379310344827586,DEF,2.0370314288491294,2.055829806164102,2.3453587808733283,,,,,,2.146073338628853
10,30,298,577725,3,190,3,0,17,,,1.6666666666666667,1.6666666666666667,2.0,35.333333333333336,,,0.0,,1.7826086956521738,0.5217391304347826,45,44.0,913.0,1652.0,28.0,0.20689655172413793,MID,2.0026069114754144,2.0060765736892936,2.3701558349963934,0.0,0.2,0.07199999999999998,0.002,0.074,2.126279773387034
10,30,299,465730,2,186,1,0,13,36.0,0.3333333333333333,1.3333333333333333,1.3333333333333333,2.2,28.333333333333332,0.2,,0.0,0.396,2.608695652173913,0.6086956521739131,45,43.0,178.0,1431.0,30.0,0.3103448275862069,DEF,2.021809458738212,2.018344163249709,2.3283123118100897,,,,,,2.12282197793267
10,30,300,462116,2,199,4,1,2,54.0,0.6666666666666666,1.0,3.6666666666666665,3.4,90.0,0.2,,0.2,1.416,2.1052631578947367,1.0,45,43.0,146.0,46.0,59.0,0.41379310344827586,DEF,2.0186700363488272,2.0110817813906454,2.3307302461711927,,,,,,2.120160687970222
10,30,291,512462,2,189,3,0,1,33.0,0.3333333333333333,1.6666666666666667,1.6666666666666667,2.6,82.66666666666667,0.2,,0.0,1.296,3.3214285714285716,0.9285714285714286,50,49.0,986.0,640.0,59.0,0.4666666666666667,DEF,2.0049813951214466,1.9839152513239222,2.318622545960086,,,,,,2.1025063974684848
10,30,299,554197,3,197,2,1,12,,,1.0,1.0,1.6,20.0,,,0.0,,1.4545454545454546,0.5454545454545454,50,47.0,24.0,26.0,38.0,0.20689655172413793,MID,2.016742829818332,1.9904739894283898,2.28737874719973,0.0,0.0,0.04,0.057999999999999996,0.098,2.098198522148817
10,30,298,76357,3,190,1,0,17,,,1.6666666666666667,1.3333333333333333,1.2,26.666666666666668,,,0.0,,1.4736842105263157,0.21052631578947367,50,48.0,12.0,13.0,28.0,0.20689655172413793,MID,1.956962621289282,1.9534698205523595,2.2892482946954904,0.0,0.0,0.052000000000000005,0.015999999999999997,0.06799999999999999,2.0665602455123775
10,30,291,486385,4,189,2,0,1,,,1.6666666666666667,4.0,2.6,55.333333333333336,,,0.6,,2.0,0.3448275862068966,55,50.0,2243.0,1990.0,59.0,0.4666666666666667,FWD,1.871469095725259,1.8084447995313617,2.517961428199027,0.2,0.0,0.2799999999999999,0.004,0.28400000000000003,2.0659584411518828
10,30,300,564940,3,199,0,1,2,,,1.0,1.6666666666666667,1.4,62.666666666666664,,,0.0,,2.1666666666666665,0.6111111111111112,50,50.0,11.0,27.0,59.0,0.41379310344827586,MID,1.923579267883447,1.950906610644997,2.2642641004241657,0.0,0.0,0.030000000000000006,0.01,0.04000000000000001,2.0462499929842033
10,30,293,168636,4,184,1,0,19,,,0.3333333333333333,1.0,1.0,6.666666666666667,,,0.0,,1.25,0.0,55,54.0,91.0,116.0,32.0,0.10344827586206896,FWD,1.775274705364288,1.8656247604859062,2.49183562296679,0.0,0.0,0.07799999999999999,0.002,0.07999999999999999,2.0442450296056616
10,30,299,167512,2,197,1,1,12,34.0,0.3333333333333333,1.0,2.3333333333333335,1.2,33.666666666666664,0.2,,0.0,0.374,1.1666666666666667,0.16666666666666666,40,40.0,70.0,65.0,38.0,0.20689655172413793,DEF,1.897002203855886,1.9097251701123956,2.268984008521663,,,,,,2.025237127496648
10,30,294,114243,3,195,3,0,6,,,1.6666666666666667,2.6666666666666665,1.8,17.333333333333332,,,0.0,,2.5416666666666665,0.5416666666666666,65,59.0,891.0,240.0,53.0,0.3103448275862069,MID,1.8786885892296743,1.876809281014237,2.2411209436645283,0.2,0.0,0.022,0.009999999999999998,0.031999999999999994,1.9988729379694796
10,30,292,231480,2,200,1,0,7,52.0,0.3333333333333333,1.3333333333333333,3.0,5.4,90.0,0.6,,0.0,2.736,3.8095238095238093,1.0476190476190477,45,44.0,90.0,565.0,44.0,0.2413793103448276,DEF,1.8531615974457147,1.885678126252345,2.2537757811551757,,,,,,1.9975385016177452
10,30,292,488213,4,200,5,0,7,,,1.3333333333333333,1.6666666666666667,2.6,43.0,,,0.0,,2.230769230769231,0.5,55,54.0,229.0,751.0,44.0,0.2413793103448276,FWD,1.6851367643278763,1.8884604174310589,2.404440512485377,0.0,0.2,0.2760000000000001,0.01,0.286,1.9926792314147708
10,30,293,54469,2,184,8,0,19,46.0,0.6666666666666666,0.3333333333333333,1.0,2.0,2.0,0.2,,0.0,0.446,1.875,0.625,45,44.0,162.0,70.0,32.0,0.10344827586206896,DEF,1.850672940276635,1.8701479363230076,2.243591305700117,,,,,,1.9881373940999199
10,30,292,523705,2,200,1,0,7,52.0,0.3333333333333333,1.3333333333333333,4.333333333333333,3.0,90.0,0.2,,0.0,2.048,1.8888888888888888,0.6296296296296297,45,44.0,30.0,77.0,44.0,0.2413793103448276,DEF,1.8160375648839016,1.8461187566522776,2.233359598002913,,,,,,1.9651719731796975
10,30,297,215711,3,182,1,0,3,,,0.6666666666666666,2.3333333333333335,1.8,50.666666666666664,,,0.0,,1.5714285714285714,0.2857142857142857,55,55.0,338.0,107.0,51.0,0.1724137931034483,MID,1.8355406862870003,1.8717765342670787,2.1779584480387566,0.0,0.2,0.024,0.11200000000000002,0.136,1.9617585561976119
10,30,297,106760,2,194,4,1,4,40.0,0.3333333333333333,1.3333333333333333,2.6666666666666665,3.2,57.666666666666664,0.4,,0.0,0.746,2.413793103448276,1.0,45,45.0,2144.0,722.0,39.0,0.27586206896551724,DEF,1.8076916596209078,1.843491992563447,2.2288270935248695,,,,,,1.9600035819030748
10,30,299,111478,2,186,1,0,13,36.0,0.3333333333333333,1.3333333333333333,1.0,1.0,19.0,0.0,,0.0,0.5940000000000001,2.0,0.47058823529411764,45,43.0,43.0,142.0,30.0,0.3103448275862069,DEF,1.8190997071046546,1.8182721161913102,2.2245379231561393,,,,,,1.9539699154840349
10,30,299,461195,2,197,1,1,12,34.0,0.3333333333333333,1.0,1.0,2.2,19.333333333333332,0.2,,0.0,0.774,2.1666666666666665,0.5,40,40.0,783.0,344.0,38.0,0.20689655172413793,DEF,1.7961617232882474,1.8061902310086144,2.2168194514769204,,,,,,1.939723801924594
10,30,296,232859,2,198,4,0,5,46.0,0.0,1.0,0.3333333333333333,0.6,90.0,0.0,,0.0,1.9259999999999997,2.5,0.8636363636363636,45,42.0,482.0,397.0,48.0,0.3103448275862069,DEF,1.8070097055199557,1.7849238695300431,2.2199418071611112,,,,,,1.9372917940703698
10,30,291,586309,4,189,1,0,1,,,1.6666666666666667,3.0,2.6,37.666666666666664,,,0.4,,2.5517241379310347,0.6551724137931034,60,57.0,1000.0,3093.0,59.0,0.4666666666666667,FWD,1.6570298854226362,1.7121775713398484,2.441533375312143,0.2,0.0,0.466,0.004,0.47000000000000003,1.9369136106915423
10,30,298,204968,3,196,1,1,11,,,1.0,1.0,1.0,23.0,,,0.0,,1.2857142857142858,0.07142857142857142,50,47.0,16.0,28.0,40.0,0.1724137931034483,MID,1.8025626986614467,1.7963866738456216,2.1747964981273,0.0,0.0,0.028000000000000004,0.004,0.032,1.9245819568781226
10,30,297,149484,2,182,3,0,3,34.0,0.0,0.6666666666666666,4.666666666666667,3.4,90.0,0.2,,0.6,1.528,3.4166666666666665,0.8333333333333334,45,43.0,1104.0,375.0,51.0,0.1724137931034483,DEF,1.7558649896385183,1.7473131940445277,2.1949464023237764,,,,,,1.899374862002274
10,30,297,199798,2,182,1,0,3,34.0,0.0,0.6666666666666666,2.6666666666666665,3.2,90.0,0.2,,0.0,1.6740000000000002,3.142857142857143,1.0,45,44.0,15095.0,4149.0,51.0,0.1724137931034483,DEF,1.731629459526673,1.7271703487427694,2.184249545761838,,,,,,1.8810164513437602
10,30,298,432714,3,196,1,1,11,,,1.0,0.6666666666666666,0.8,13.0,,,0.0,,0.875,0.125,55,50.0,17.0,35.0,40.0,0.1724137931034483,MID,1.7316637423920536,1.718170443361103,2.1100244991065367,0.0,0.0,0.004,0.008,0.012,1.8532862282865643
10,30,296,493125,2,198,4,0,5,46.0,0.0,1.0,2.6666666666666665,1.8,89.66666666666667,0.0,,0.0,2.03,1.5714285714285714,0.5714285714285714,45,45.0,151.0,46.0,48.0,0.3103448275862069,DEF,1.6801855123552338,1.7013626311020333,2.1624479384431763,,,,,,1.8479986939668145
10,30,300,233963,2,199,12,1,2,54.0,0.6666666666666666,1.0,3.0,3.8,60.333333333333336,0.4,,0.0,0.8800000000000001,2.8181818181818183,0.8181818181818182,45,44.0,4170.0,172.0,59.0,0.41379310344827586,DEF,1.6810024237200862,1.69736805315059,2.161459351714845,,,,,,1.8466099428618403
10,30,292,490721,2,200,1,0,7,52.0,0.3333333333333333,1.3333333333333333,3.6666666666666665,5.4,63.666666666666664,0.2,,0.0,2.0740000000000003,2.962962962962963,0.8148148148148148,45,43.0,269.0,1313.0,44.0,0.2413793103448276,DEF,1.679002338243004,1.6996514135110505,2.1608916922463783,,,,,,1.8465151480001445
10,30,292,501837,2,200,1,0,7,52.0,0.3333333333333333,1.3333333333333333,4.666666666666667,6.4,70.33333333333333,0.6,,0.4,2.378,2.8095238095238093,0.9523809523809523,45,43.0,94.0,501.0,44.0,0.2413793103448276,DEF,1.6129598086080843,1.6498613758418457,2.130723277717256,,,,,,1.7978481540557285
10,30,297,173879,4,182,1,0,3,,,0.6666666666666666,3.0,2.2,18.0,,,0.4,,2.1666666666666665,0.16666666666666666,60,60.0,925.0,1475.0,51.0,0.1724137931034483,FWD,1.4594830926063296,1.5856498559834495,2.2752097825183712,0.2,0.0,0.12,0.004,0.124,1.77344757703605
10,30,295,434752,2,191,7,0,14,48.0,0.0,0.3333333333333333,0.6666666666666666,1.6,18.0,0.0,,0.0,1.2639999999999998,3.0,0.75,40,39.0,344.0,261.0,33.0,0.3448275862068966,DEF,1.557517216362241,1.5669235244256232,2.09549583721315,,,,,,1.7399788593336716
10,30,292,209041,3,200,0,0,7,,,1.3333333333333333,1.0,2.2,20.333333333333332,,,0.0,,2.1666666666666665,1.0,50,47.0,21.0,119.0,44.0,0.2413793103448276,MID,1.5399047945021074,1.503924793863918,2.0674243138761574,0.0,0.0,0.02,0.008,0.027999999999999997,1.7037513007473943
10,30,291,513466,3,189,1,0,1,,,1.6666666666666667,1.6666666666666667,2.2,45.333333333333336,,,0.0,,1.6,0.2,50,50.0,51.0,106.0,59.0,0.4666666666666667,MID,1.5379770402100157,1.524978422294598,1.9873964918251015,0.0,0.0,0.044000000000000004,0.03,0.074,1.6834506514432384
10,30,294,200089,3,195,6,0,6,,,1.6666666666666667,0.3333333333333333,0.8,49.666666666666664,,,0.0,,1.1666666666666667,0.3333333333333333,50,50.0,381.0,69.0,53.0,0.3103448275862069,MID,1.484834757766617,1.5254606014145673,2.0160397775839107,0.0,0.0,0.04,0.04,0.08000000000000002,1.675445045588365
10,30,296,135720,2,198,4,0,5,46.0,0.0,1.0,1.6666666666666667,2.6,56.0,0.2,,0.0,0.942,2.066666666666667,0.6,45,42.0,204.0,60.0,48.0,0.3103448275862069,DEF,1.4652061808980896,1.464269528780425,2.04861302673318,,,,,,1.6593629121372315
10,30,294,514356,3,187,1,1,9,,,2.0,1.0,1.0,14.666666666666666,,,0.0,,1.0,0.16666666666666666,50,49.0,19.0,17.0,42.0,0.2413793103448276,MID,1.4568052323385323,1.4721914484422105,1.9517846333745874,0.0,0.0,0.0,0.01,0.01,1.6269271047184433
10,30,292,483081,2,200,1,0,7,52.0,0.3333333333333333,1.3333333333333333,5.333333333333333,3.8,33.333333333333336,0.0,,0.0,0.9800000000000001,2.5714285714285716,0.5,45,44.0,117.0,287.0,44.0,0.2413793103448276,DEF,1.3967140956644855,1.4368436302797962,2.0192278870585634,,,,,,1.6175952043342816
10,30,297,232112,3,194,1,1,4,,,1.3333333333333333,1.0,1.2,15.666666666666666,,,0.0,,1.6842105263157894,0.3684210526315789,50,47.0,26.0,120.0,39.0,0.27586206896551724,MID,1.4435912811372058,1.4333725020571744,1.9686914729180627,0.0,0.0,0.06,0.008,0.06799999999999999,1.6152184187041476
10,30,297,88894,3,182,12,0,3,,,0.6666666666666666,1.0,1.0,28.666666666666668,,,0.0,,1.6666666666666667,0.0,50,48.0,1000.0,69.0,51.0,0.1724137931034483,MID,1.406251405648237,1.411201452947006,1.9291473284107483,0.0,0.0,0.030000000000000006,0.10600000000000001,0.136,1.5822000623353307
10,30,297,101188,2,182,4,0,3,34.0,0.0,0.6666666666666666,3.0,3.8,56.333333333333336,0.2,,0.6,0.746,3.0833333333333335,0.6666666666666666,45,45.0,4499.0,746.0,51.0,0.1724137931034483,DEF,1.3497921161300708,1.3685681033562584,1.9936839292947552,,,,,,1.570681382927028
10,30,291,106611,2,189,3,0,1,33.0,0.3333333333333333,1.6666666666666667,1.3333333333333333,1.8,32.666666666666664,0.0,,0.0,0.7939999999999999,4.28,0.88,45,46.0,2820.0,4466.0,59.0,0.4666666666666667,DEF,1.2824981397669446,1.2857422900973388,1.9562509696662636,,,,,,1.5081637998435156
10,30,297,441302,2,182,1,0,3,34.0,0.0,0.6666666666666666,1.0,2.4,66.66666666666667,0.2,,0.0,1.27,1.6956521739130435,0.5652173913043478,45,42.0,311.0,661.0,51.0,0.1724137931034483,DEF,1.2821142506971648,1.272274840298103,1.9563704362592205,,,,,,1.5035865090848295
10,30,291,609873,3,189,1,0,1,,,1.6666666666666667,1.3333333333333333,1.6,36.333333333333336,,,0.0,,1.8,0.6,45,45.0,86.0,152.0,59.0,0.4666666666666667,MID,1.261954488380904,1.2705222309369233,1.9058833366962444,0.0,0.0,0.158,0.018,0.17600000000000002,1.4794533520046906
10,30,291,490094,3,189,3,0,1,,,1.6666666666666667,1.3333333333333333,2.2,27.333333333333332,,,0.2,,2.5238095238095237,0.5714285714285714,50,48.0,28.0,29.0,59.0,0.4666666666666667,MID,1.2326544486174615,1.2362222011452135,1.8746970256824562,0.0,0.2,0.028000000000000004,0.0060000000000000105,0.03400000000000001,1.4478578918150438
10,30,300,159533,3,199,1,1,2,,,1.0,1.0,0.8,5.666666666666667,,,0.0,,1.05,0.05,55,51.0,91.0,108.0,59.0,0.41379310344827586,MID,1.2258220340921804,1.2233238722494144,1.7739335076007807,0.0,0.0,0.03,0.0,0.03,1.407693137980792
10,30,291,550615,3,189,1,0,1,,,1.6666666666666667,1.3333333333333333,1.2,27.0,,,0.0,,1.125,0.125,50,48.0,6.0,163.0,59.0,0.4666666666666667,MID,1.0595216696403222,1.0662068968394876,1.7281716914184149,0.0,0.0,0.042,0.009999999999999998,0.052000000000000005,1.2846334192994082
10,30,297,515597,2,182,1,0,3,34.0,0.0,0.6666666666666666,2.6666666666666665,2.0,46.0,0.2,,0.2,0.51,1.434782608695652,0.30434782608695654,40,40.0,327.0,382.0,51.0,0.1724137931034483,DEF,0.7866447793373823,0.8162270156921743,1.7178490353262283,,,,,,1.1069069434519283
10,30,300,630699,3,199,1,1,2,,,1.0,0.6666666666666666,0.8,2.6666666666666665,,,0.0,,0.8333333333333334,0.0,45,45.0,26.0,14.0,59.0,0.41379310344827586,MID,0.7739325439877267,0.8020036160942032,1.5445601797509565,0.0,0.0,0.0,0.004,0.004,1.0401654466109622
